candidate,strategy,seed,calls,mean_response_min,mean_ideal_chain_min,p95_ideal_chain_min,strict_4min_rate,median_response_min,p90_response_min,p95_response_min,mean_wait_min,mean_delay_penalty_yuan_per_call,mean_daily_delay_penalty_yuan,wait_probability,max_wait_min,max_queue,mean_queue,terminal_queue,mean_end_backlog,max_end_backlog,regional_mean_gap_min,worst_region_mean_min,max_daily_dispatches_per_ambulance,daily_cap_hit_rate,mean_c_loss_min,max_c_loss_min,reserve_dispatches
A,A,400000,4200,5.602110616186585,12.57303125110722,20.683036880224503,0.4347619047619047,4.885618083164127,8.497474167490214,11.43274042711568,0.4158668727264549,407.37450418969786,57032.4305865577,0.0433333333333333,44.30268420543871,6,0.040431501515072,0,0.5666666666666667,4,3.5462279023815544,7.983407421733147,12,0.7972222222222223,,,
A,A,400001,4200,5.811107575975727,12.837171068039218,20.897621216819772,0.4264285714285714,4.885618083164127,8.497474167490214,11.540575657674236,0.5923738182631548,447.48147775952543,62647.40688633356,0.043095238095238,59.94318663858576,6,0.0575918989978067,1,1.4666666666666666,6,4.9430583425788495,9.125581984367964,12,0.7916666666666666,,,
A,A,400002,4200,5.621913517221146,12.606802406110036,20.683036880224503,0.4280952380952381,4.885618083164127,8.497474167490214,11.187021097946197,0.3931312991574599,409.9728557359079,57396.19980302711,0.0342857142857142,34.009159067005385,6,0.0382210985291974,0,0.5,4,3.743924566021049,8.146657077902347,12,0.7777777777777778,,,
A,A,400003,4200,5.745240485133464,12.7657484216414,20.683036880224503,0.4347619047619047,4.885618083164127,8.497474167490214,11.43274042711568,0.5416840629762338,435.968486999631,61035.58817994835,0.0388095238095238,75.18568330428388,6,0.0526637283449116,1,0.8333333333333334,6,4.0390761575889504,8.5249880957976,12,0.775,,,
A,A,400004,4200,5.640900451226148,12.70763060995631,20.683036880224503,0.4230952380952381,4.885618083164127,8.497474167490214,11.43274042711568,0.3565163812472331,412.7173502579208,57780.42903610891,0.0385714285714285,51.629275173079805,5,0.034661314843481,0,0.5,3,4.34153642783186,8.404913363891223,12,0.7944444444444444,,,
A,A,400005,4200,5.5370656332405,12.583287855462723,20.683036880224503,0.4328571428571429,4.885618083164127,8.497474167490214,10.774602526460402,0.3193880695820986,393.9535470215582,55153.49658301815,0.0326190476190476,40.86513286556146,4,0.0310516178760373,0,0.8,3,4.06139725685799,8.168361720584619,12,0.8083333333333333,,,
A,A,400006,4200,5.524932124243053,12.556265457576387,20.683036880224503,0.435952380952381,4.885618083164127,8.497474167490214,9.79869268479038,0.3445564526920359,392.17690103908654,54904.76614547212,0.0273809523809523,102.24129005465512,6,0.0334985440117257,0,0.4,2,3.9915561549094942,8.247551561033086,12,0.775,,,
A,A,400007,4200,5.407086056446561,12.452101929462437,20.683036880224503,0.4414285714285714,4.885618083164127,8.497474167490214,9.79869268479038,0.2470809519039245,369.6873230277934,51756.22522389108,0.0278571428571428,46.61453208353487,4,0.0240217592128815,1,0.4,3,4.307311787178426,8.626276573643302,12,0.7833333333333333,,,
A,A,400008,4200,5.241133734267494,12.209355956489716,20.683036880224503,0.4552380952380952,4.885618083164127,8.497474167490214,9.79869268479038,0.1967048957054101,339.239754679603,47493.56565514442,0.0235714285714285,42.44626302442339,4,0.0191240870824704,0,0.4666666666666667,4,3.813031095135919,7.752885519318101,12,0.7888888888888889,,,
A,A,400009,4200,5.638332269791669,12.683030682490084,20.683036880224503,0.4380952380952381,4.885618083164127,8.497474167490214,11.54704851958556,0.4431349152897643,415.2485916818764,58134.8028354627,0.0404761904761904,66.71262793486676,6,0.043082561208727,1,0.6666666666666666,6,3.952041098605478,8.500093585632513,12,0.7916666666666666,,,
A,A,400010,4200,5.583198128367382,12.583674318843574,20.683036880224503,0.4245238095238095,4.885618083164127,8.497474167490214,11.43274042711568,0.30606018934604,401.5244604787176,56213.42446702046,0.0366666666666666,26.50947007362265,5,0.0297558517419761,0,0.6,2,4.015724242643159,8.396914502285666,12,0.7861111111111111,,,
A,A,400011,4200,5.542903842355472,12.526554636006267,20.683036880224503,0.4369047619047619,4.885618083164127,8.497474167490214,10.774602526460402,0.3571526616186176,395.8959659827621,55425.43523758669,0.0352380952380952,67.46343351405085,5,0.0347231754351433,1,0.7,4,4.64906775040178,8.78071549618947,12,0.7861111111111111,,,
A,A,400012,4200,5.634536910188833,12.66431468796661,20.683036880224503,0.4226190476190476,4.885618083164127,8.497474167490214,11.00277124115061,0.3901787243282212,411.3480737685347,57588.73032759486,0.0326190476190476,39.62427849670348,6,0.0379340426430215,2,0.6,2,3.78890355590052,8.140740397554433,12,0.7861111111111111,,,
A,A,400013,4200,5.489887233694656,12.396553900361322,20.683036880224503,0.4428571428571428,4.885618083164127,8.497474167490214,10.774602526460402,0.374609356009049,386.4818179753436,54107.4545165481,0.0319047619047619,44.719616057671374,4,0.0364203540564353,1,0.8333333333333334,3,4.023720150251606,8.354816864748772,12,0.7972222222222223,,,
A,A,400014,4200,5.633739571569034,12.67761258744205,20.683036880224503,0.4376190476190476,4.885618083164127,8.497474167490214,11.00551750201985,0.4450474654717739,414.2717238376163,57998.04133726629,0.0338095238095238,57.90555592539022,5,0.0432685035875335,2,0.6333333333333333,5,4.629591356934254,8.881420497336268,12,0.7805555555555556,,,
A,A,400015,4200,5.525343027804582,12.49070810716966,20.683036880224503,0.4452380952380952,4.885618083164127,8.497474167490214,9.850434502352712,0.3739243825235254,394.1160123441496,55176.24172818095,0.029047619047619,55.23705097097991,8,0.0363537594120094,0,0.3,2,3.857009092916552,8.288113814505671,12,0.7722222222222223,,,
A,A,400016,4200,5.977073634083362,12.995137126146853,21.27406836728532,0.4080952380952381,4.885618083164127,8.96284793999944,12.716303775287754,0.5958127543260153,477.0061139161094,66780.85594825532,0.0473809523809523,73.44930512637075,7,0.0579262400039181,2,0.9333333333333332,5,4.153554780635003,9.012589160545676,12,0.7972222222222223,,,
A,A,400017,4200,5.819098151873793,12.853510850286492,20.683036880224503,0.424047619047619,4.885618083164127,8.497474167490214,11.43274042711568,0.6297234248207835,448.61095674439633,62805.53394421549,0.0380952380952381,73.66671855241293,7,0.061223110746465,2,1.1,5,4.746655493893862,9.004536343452443,12,0.8,,,
A,A,400018,4200,5.593083016787575,12.54321000091456,20.683036880224503,0.4288095238095238,4.885618083164127,8.497474167490214,9.811061215315233,0.3927953719759708,404.3596088241087,56610.34523537522,0.029047619047619,46.55874247725296,4,0.0381884389421082,0,0.8,4,4.74132053694107,8.655484822038476,12,0.8027777777777778,,,
A,A,400019,4200,5.777521136884526,12.760981454344842,20.683036880224503,0.4285714285714285,4.885618083164127,8.497474167490214,11.94427190999916,0.4908580067289464,441.121426990571,61756.99977867994,0.0395238095238095,68.61448057752568,6,0.0477223062097586,3,0.5666666666666667,3,4.706247121953227,9.024751189357378,12,0.7722222222222223,,,
A,A,400020,4200,5.513761574295631,12.396396494930556,20.683036880224503,0.4202380952380952,4.885618083164127,8.497474167490214,11.004356829657072,0.255691150753439,386.7570600854837,54145.98841196772,0.0321428571428571,28.57631802187097,5,0.0248588618788065,0,0.6333333333333333,3,3.794577179860638,8.231566852326687,12,0.7777777777777778,,,
A,A,400021,4200,5.510825364086659,12.542222189483486,20.683036880224503,0.4404761904761904,4.885618083164127,8.497474167490214,11.0,0.3000749162380764,390.26031091257,54636.4435277598,0.0302380952380952,40.068951615503465,4,0.0291739501898129,0,0.6,4,4.355618873859624,8.415101597821879,12,0.8111111111111111,,,
A,A,400022,4200,5.719261737676844,12.723261737676845,20.683036880224503,0.4273809523809523,4.885618083164127,8.497474167490214,10.774602526460402,0.58076656999177,429.3242704392754,60105.39786149856,0.0385714285714285,72.8225391577289,8,0.0564634165269776,3,1.5,7,3.8284951311874895,8.2259459164503,12,0.7916666666666666,,,
A,A,400023,4200,5.814641413328113,12.753784270470971,20.683036880224503,0.4266666666666667,4.885618083164127,8.497474167490214,11.5374989832438,0.5367373557351537,448.1671610038248,62743.40254053548,0.0414285714285714,67.73566299669619,6,0.052182798474251,0,0.8666666666666667,3,3.69662948964973,8.235458096645472,12,0.8027777777777778,,,
A,A,400024,4200,5.505752046581169,12.494736173565297,20.683036880224503,0.4319047619047619,4.885618083164127,8.497474167490214,11.237633256490186,0.3001812319643743,387.5309841246231,54254.33777744723,0.0323809523809523,29.55711275565409,4,0.0291842864409808,1,0.3333333333333333,1,4.061570555317079,8.319053890652153,12,0.7666666666666667,,,
A,A,400025,4200,5.489747969543174,12.497938445733652,20.683036880224503,0.4395238095238095,4.885618083164127,8.497474167490214,10.774602526460402,0.3351499437872137,385.76210337684654,54006.69447275852,0.0333333333333333,32.25168683601078,4,0.0325840223126457,0,0.8333333333333334,4,4.268183935932644,8.233874072163903,12,0.7861111111111111,,,
A,A,400026,4200,5.540275608220562,12.55598989393485,20.683036880224503,0.430952380952381,4.885618083164127,8.497474167490214,10.774602526460402,0.3351987986148569,394.2455978345888,55194.38369684243,0.0295238095238095,52.55366421540384,5,0.0325887720875555,1,0.7,4,3.725993270518885,8.077204476491923,12,0.8111111111111111,,,
A,A,400027,4200,5.781477600196456,12.829509346228203,20.683036880224503,0.430952380952381,4.885618083164127,8.497474167490214,11.5374989832438,0.5549720066793452,442.4407790304895,61941.70906426853,0.0397619047619047,84.31872052721155,8,0.0539556117604919,2,0.6666666666666666,2,4.197958069025377,8.415216436940845,12,0.7638888888888888,,,
A,A,400028,4200,5.757801359319631,12.772975962494234,20.683036880224503,0.4057142857142857,4.885618083164127,8.497474167490214,11.5374989832438,0.4674626533005911,432.6430220871944,60570.02309220722,0.0423809523809523,38.31220858087181,4,0.0454477579597797,0,0.7333333333333333,3,4.8296519560359625,8.960359568116594,12,0.7916666666666666,,,
A,A,400029,4200,5.447515686732454,12.52338870260547,20.683036880224503,0.435952380952381,4.885618083164127,8.497474167490214,10.180219742846006,0.2856229945318201,376.6786192158344,52735.00669021681,0.0288095238095238,46.05009241732478,5,0.0277689022461491,5,0.7,5,3.925298502475317,8.157047283492355,12,0.775,,,
B_beta4_delta2,B,400000,4200,5.386363685383348,12.357284320303982,20.683036880224503,0.4485714285714285,4.885618083164127,8.497474167490214,9.79869268479038,0.2391524709973687,366.94209795317977,51371.89371344517,0.0295238095238095,32.2060884634775,6,0.0232509346802997,0,0.0666666666666666,1,3.63627543340372,7.833336970395671,12,0.7722222222222223,0.9562886851894892,41.53886739975615,
B_beta4_delta2,B,400001,4200,5.336628482298292,12.362691974361784,20.683036880224503,0.4495238095238095,4.885618083164127,8.497474167490214,9.79869268479038,0.2486659791974965,357.2304583644203,50012.26417101885,0.0261904761904761,38.72271106528933,4,0.0241758590886454,0,0.4333333333333333,4,4.555559608016452,8.538551044192268,12,0.7861111111111111,0.976258531094635,44.43185965754557,
B_beta4_delta2,B,400002,4200,5.322654889643865,12.307543778532755,20.683036880224503,0.4502380952380952,4.885618083164127,8.497474167490214,9.79869268479038,0.2136806816502385,354.53262375295327,49634.56732541346,0.0235714285714285,26.651067126033013,4,0.0207745107159954,1,0.2666666666666666,2,3.669681748246013,7.823222655530592,12,0.7694444444444445,0.9874281960638854,40.58396314091209,
B_beta4_delta2,B,400003,4200,5.260724060726435,12.281231997234372,19.992362546665547,0.46,4.885618083164127,8.497474167490214,9.79869268479038,0.1713545034110973,344.1008432966644,48174.11806153301,0.0214285714285714,31.41891130628937,4,0.0166594656094122,0,0.3333333333333333,2,3.693756439773088,7.839513133200565,12,0.7916666666666666,0.9779732567636984,36.87975409371073,
B_beta4_delta2,B,400004,4200,5.421823592748651,12.48855375147881,20.683036880224503,0.445,4.885618083164127,8.497474167490214,9.79869268479038,0.2563839386311468,373.2829309433735,52259.61033207229,0.0314285714285714,37.80007282432052,5,0.0249262162558059,0,0.4666666666666667,3,4.218685512081432,8.211281253789506,12,0.7694444444444445,0.9917257487445078,44.28057840324518,
B_beta4_delta2,B,400005,4200,5.30380487862179,12.350027100844011,19.79869268479038,0.45,4.885618083164127,8.497474167490214,9.79869268479038,0.1992193165272328,350.7036990619682,49098.517868675546,0.0221428571428571,31.386806107198936,3,0.0193685446623698,0,0.5,3,4.1143636322263255,7.793428069670293,12,0.7861111111111111,0.9580861289136854,51.63796368988462,
B_beta4_delta2,B,400006,4200,5.27110888252506,12.302442215858392,20.683036880224503,0.4511904761904762,4.885618083164127,8.497474167490214,9.79869268479038,0.1669670862316481,344.4598717431072,48224.382044035,0.0195238095238095,28.38726904689247,3,0.0162329111614102,0,0.4666666666666667,3,3.947799367950454,8.093252155719323,12,0.7972222222222223,0.957152350073064,35.790278441431525,
B_beta4_delta2,B,400007,4200,5.342179251048343,12.387195124064217,20.683036880224503,0.455,4.885618083164127,8.497474167490214,9.79869268479038,0.1898343921740074,359.4358502096685,50321.01902935359,0.0247619047619047,40.98054023983423,4,0.0184561214613618,1,0.1666666666666666,1,3.972404756788448,8.191749648104855,12,0.7861111111111111,1.0107336058889376,63.51284305791136,
B_beta4_delta2,B,400008,4200,5.095206058124512,12.063428280346734,19.79869268479038,0.4692857142857143,4.885618083164127,8.497474167490214,9.79869268479038,0.1358984893625772,312.89835448204536,43805.76962748635,0.0173809523809523,42.44626302442339,4,0.0132123531324727,0,0.4333333333333333,2,3.683933897772537,7.623485163905349,12,0.8111111111111111,0.924886017715625,46.13965162928229,
B_beta4_delta2,B,400009,4200,5.354098779970038,12.398797192668452,20.33856777401724,0.4519047619047619,4.885618083164127,8.497474167490214,9.79869268479038,0.2277647270660981,361.18175212887337,50565.44529804227,0.0278571428571428,32.61931709732016,4,0.0221437929092039,1,0.3666666666666666,2,4.018424321048391,8.09474189730917,12,0.7694444444444445,1.0212976325662977,64.77320922474938,
B_beta4_delta2,B,400010,4200,5.380860092714601,12.381336283190793,20.683036880224503,0.4407142857142857,4.885618083164127,8.497474167490214,9.79869268479038,0.2237767167896873,364.2949485862563,51001.29280207588,0.0257142857142857,32.78390439867508,5,0.0217560696878862,0,0.2666666666666666,1,3.715204865741933,8.0251163429924,12,0.8055555555555556,0.9785864495566726,42.080972362107154,
B_beta4_delta2,B,400011,4200,5.297019359132893,12.280670152783689,19.79869268479038,0.4504761904761905,4.885618083164127,8.497474167490214,9.79869268479038,0.1758890696142667,349.4520313755921,48923.2843925829,0.0238095238095238,38.43408072523016,3,0.0171003262124981,0,0.1666666666666666,2,4.364926366443865,8.28916530837894,12,0.7888888888888889,0.974381222466339,27.739471295897136,
B_beta4_delta2,B,400012,4200,5.389789633107144,12.41956741088492,20.683036880224503,0.4383333333333333,4.885618083164127,8.497474167490214,9.79869268479038,0.2176569043784582,365.54147549505376,51175.80656930753,0.024047619047619,31.01920821180101,6,0.0211610879256834,1,0.2333333333333333,2,3.762191401996541,7.937419865795214,12,0.7777777777777778,0.990981900588414,76.25904602335737,
B_beta4_delta2,B,400013,4200,5.204475903377442,12.11114257004411,19.79869268479038,0.4611904761904762,4.885618083164127,8.497474167490214,9.79869268479038,0.1675059540535394,333.0992521171183,46633.89529639656,0.0209523809523809,26.600043011596423,4,0.0162853010885385,0,0.2666666666666666,2,4.035872742638366,8.073670364948947,12,0.7972222222222223,1.0014555023384344,48.38721299069897,
B_beta4_delta2,B,400014,4200,5.304499269877433,12.34837228575045,20.683036880224503,0.4597619047619047,4.885618083164127,8.497474167490214,9.79869268479038,0.2408644473759272,352.8522349278676,49399.31288990146,0.0235714285714285,45.010576325366856,5,0.0234173768282151,0,0.3,3,4.370271268928419,8.467241730799552,12,0.7722222222222223,0.9997220309317324,49.913921532792166,
B_beta4_delta2,B,400015,4200,5.288481849882404,12.253846929247484,19.79869268479038,0.4542857142857143,4.885618083164127,8.497474167490214,9.79869268479038,0.1898342674231285,348.5533005692378,48797.462079693294,0.0226190476190476,36.6061756853378,8,0.0184561093328041,0,0.1666666666666666,2,3.651090967528363,7.894584648078618,12,0.7888888888888889,0.9741965788641372,29.141360206582277,
B_beta4_delta2,B,400016,4200,5.4430598486236,12.461123340687092,20.683036880224503,0.44,4.885618083164127,8.497474167490214,9.79869268479038,0.2421584460686547,376.6119697247198,52725.67576146078,0.0269047619047619,38.89467961728224,7,0.0235431822566747,0,0.3333333333333333,3,3.87668215335089,8.20751815301124,12,0.7861111111111111,0.9604786939805948,24.921558185344967,
B_beta4_delta2,B,400017,4200,5.499056072026736,12.533468770439434,20.683036880224503,0.4442857142857143,4.885618083164127,8.497474167490214,10.567876647177188,0.3854898148883772,388.65015982260405,54411.02237516457,0.0297619047619047,49.7544124438864,6,0.0374781764474811,2,0.5666666666666667,3,4.485531991954024,8.58494957416109,12,0.7944444444444444,0.9752532253285252,42.7175348337808,
B_beta4_delta2,B,400018,4200,5.245959783576268,12.196086767703251,19.79869268479038,0.449047619047619,4.885618083164127,8.497474167490214,9.79869268479038,0.1456893018714306,338.9580049004774,47454.12068606684,0.019047619047619,37.62354429258994,5,0.0141642376819446,0,0.1666666666666666,2,4.698645023540033,8.512186563834211,12,0.775,0.9730920549853186,62.61373844780622,
B_beta4_delta2,B,400019,4200,5.46204606243387,12.445506379894184,20.683036880224503,0.4435714285714285,4.885618083164127,8.497474167490214,11.110350040397623,0.2535280157376595,381.059229887246,53348.29218421444,0.0297619047619047,29.52192172962532,5,0.0246485570856057,0,0.3333333333333333,3,3.830564796795315,8.200470337075481,12,0.7888888888888889,1.0355549183809185,47.13937111465243,
B_beta4_delta2,B,400020,4200,5.372672904039356,12.255307824674276,19.992362546665547,0.435952380952381,4.885618083164127,8.497474167490214,9.79869268479038,0.1840629516751141,361.6778681994725,50634.90154792615,0.0238095238095238,38.20074288303295,5,0.0178950091906361,0,0.3333333333333333,2,3.9316116752754944,8.115807638930539,12,0.7833333333333333,0.9914081659894493,38.18153498574761,
B_beta4_delta2,B,400021,4200,5.3865851942227705,12.417982019619595,20.683036880224503,0.4547619047619047,4.885618083164127,8.497474167490214,9.79869268479038,0.2684891068862721,368.2300411725727,51552.20576416018,0.0257142857142857,33.999861281510675,4,0.0261031076139431,0,0.7,4,4.068317644165694,8.169791750500037,12,0.7916666666666666,1.0676499852546233,68.972180452416,
B_beta4_delta2,B,400022,4200,5.425937975377677,12.429937975377674,20.683036880224503,0.4447619047619047,4.885618083164127,8.497474167490214,9.79869268479038,0.3292054428962434,374.0977793447013,52373.68910825818,0.0288095238095238,39.70950713739148,6,0.0320060847260236,0,1.0333333333333334,4,3.800043585230359,8.010110587899648,12,0.8083333333333333,1.0247894427650892,47.63217127763137,
B_beta4_delta2,B,400023,4200,5.460677565843288,12.399820422986146,20.683036880224503,0.4478571428571428,4.885618083164127,8.497474167490214,10.774602526460402,0.3011818073841,381.6539986958438,53431.559817418136,0.0302380952380952,50.27196014694346,4,0.0292815646067875,0,0.5,2,3.721678758361655,7.896297089775802,12,0.7944444444444444,1.0920302884352178,59.69901742994091,
B_beta4_delta2,B,400024,4200,5.308531531307172,12.2975156582913,20.683036880224503,0.4461904761904762,4.885618083164127,8.497474167490214,9.79869268479038,0.1699757486774927,350.9420426444077,49131.88597021708,0.0223809523809523,27.07789446879906,4,0.0165254200103117,0,0.2,2,3.829038928116159,8.114285887929464,12,0.7916666666666666,0.9637891156999386,34.43002329325194,
B_beta4_delta2,B,400025,4200,5.245231559413994,12.253422035604473,19.992362546665547,0.4619047619047619,4.885618083164127,8.497474167490214,9.79869268479038,0.1750366852130346,341.34784875497684,47788.69882569675,0.0207142857142857,22.45484967322409,4,0.0170174555068228,0,0.3666666666666666,3,4.111365767367269,7.975330442581004,12,0.7666666666666667,0.9206630062758996,39.79963828246449,
B_beta4_delta2,B,400026,4200,5.329240949050864,12.34495523476515,19.992362546665547,0.4495238095238095,4.885618083164127,8.497474167490214,9.79869268479038,0.2202934983221157,355.7529517149345,49805.41324009084,0.0204761904761904,46.04942481131002,5,0.0214174234479834,1,0.4333333333333333,3,4.003580187380773,8.072758341774502,12,0.7972222222222223,0.9597439288193838,41.70414050130992,
B_beta4_delta2,B,400027,4200,5.400238922337256,12.448270668369004,20.225759939439147,0.4488095238095238,4.885618083164127,8.497474167490214,9.79869268479038,0.2755855533157574,369.8096892293559,51773.35649210983,0.028095238095238,52.51858023739624,7,0.0267930399056986,0,0.3,2,4.078687282130728,8.148427515463577,12,0.7555555555555555,0.9473390998682806,53.13450585231506,
B_beta4_delta2,B,400028,4200,5.418161739436237,12.433336342610842,20.20219011428789,0.425,4.885618083164127,8.497474167490214,9.79869268479038,0.2192610739554081,368.6323478872474,51608.52870421464,0.0271428571428571,23.900531524108374,4,0.0213170488567757,0,0.2666666666666666,3,4.174305751705951,8.162427872644564,12,0.7805555555555556,0.9819992210076453,35.94892213869964,
B_beta4_delta2,B,400029,4200,5.337505957370401,12.413378973243418,20.683036880224503,0.4488095238095238,4.885618083164127,8.497474167490214,9.79869268479038,0.2392499746048789,357.26309623598496,50016.8334730379,0.0235714285714285,35.03053461990203,4,0.0232604141976965,4,0.6666666666666666,4,3.961203256405483,8.20196886556114,12,0.7944444444444444,0.9993349568117788,56.318631159431305,
C_r001000_tau7,C,400000,4200,5.647289955632955,12.61821059055359,20.683036880224503,0.4292857142857142,4.885618083164127,8.497474167490214,11.43274042711568,0.4235398859237587,415.31513398373374,58144.11875772272,0.0428571428571428,35.480927389508,6,0.0411774889092543,0,0.5333333333333333,4,3.4207501522322685,7.931444395467717,12,0.7861111111111111,,,357.0
C_r001000_tau7,C,400001,4200,5.687444171032809,12.7135076630963,20.683036880224503,0.4238095238095238,4.885618083164127,8.497474167490214,11.236608480013505,0.4504316465531138,422.22498724713233,59111.49821459853,0.0357142857142857,50.30884498920932,6,0.0437919656371082,0,1.0333333333333334,5,4.71110959625004,8.789988364226474,12,0.7861111111111111,,,359.0
C_r001000_tau7,C,400002,4200,5.563933066468882,12.548821955357774,20.683036880224503,0.4285714285714285,4.885618083164127,8.497474167490214,9.978099482576576,0.3474213864987749,398.4655939547984,55785.18315367177,0.0302380952380952,33.4571806227832,6,0.0337770792429364,0,0.4666666666666667,4,3.904151121013356,8.140713166652699,12,0.775,,,358.0
C_r001000_tau7,C,400003,4200,5.7594289351302885,12.779936871638226,20.683036880224503,0.4321428571428571,4.885618083164127,8.497474167490214,11.43274042711568,0.5263871647689163,438.2850094666153,61359.901325326144,0.0359523809523809,102.81903782123118,6,0.051176529908089,3,0.9,5,3.94223452515522,8.307968939596515,12,0.7722222222222223,,,359.0
C_r001000_tau7,C,400004,4200,5.607558242764167,12.674288401494325,20.683036880224503,0.4216666666666667,4.885618083164127,8.497474167490214,11.117557707818124,0.3234125343336979,405.7317185764416,56802.44060070182,0.0364285714285714,42.63591811711376,5,0.0314428852824428,0,0.6,3,3.969925328935335,8.237768509422109,12,0.8111111111111111,,,360.0
C_r001000_tau7,C,400005,4200,5.559175293664608,12.60539751588683,20.683036880224503,0.4307142857142857,4.885618083164127,8.497474167490214,10.78587240013732,0.3388749808318053,397.9421972567092,55711.90761593929,0.033095238095238,35.540813759114826,5,0.032946178691981,0,0.9,5,3.899947727433312,7.974099542343726,12,0.8027777777777778,,,358.0
C_r001000_tau7,C,400006,4200,5.548886313331912,12.580219646665244,20.683036880224503,0.4333333333333333,4.885618083164127,8.497474167490214,9.79869268479038,0.3671784480473347,396.44392933304897,55502.15010662686,0.0271428571428571,102.24129005465512,6,0.0356979046712686,0,0.4333333333333333,2,3.917251630050961,8.240337160134448,12,0.7777777777777778,,,359.0
C_r001000_tau7,C,400007,4200,5.494586948215958,12.53960282123183,20.683036880224503,0.4416666666666666,4.885618083164127,8.497474167490214,10.618822134237716,0.3013079323460849,387.2235357209869,54211.29500093817,0.0326190476190476,48.06342122171191,4,0.0292938267558693,2,0.4666666666666667,3,4.315182364897505,8.701854533749238,12,0.7833333333333333,,,359.0
C_r001000_tau7,C,400008,4200,5.237259914421988,12.205482136644209,20.56034332707272,0.4528571428571428,4.885618083164127,8.497474167490214,9.79869268479038,0.1815298654092839,338.023411455826,47323.27760381564,0.0259523809523809,25.86594330722437,4,0.0176487369147914,0,0.5,3,3.8294874883195087,7.704801890654036,12,0.7805555555555556,,,356.0
C_r001000_tau7,C,400009,4200,5.569982167776834,12.614680580475248,20.683036880224503,0.4361904761904762,4.885618083164127,8.497474167490214,11.43274042711568,0.3514630902854385,401.12446821011656,56157.42554941632,0.0361904761904761,66.71262793486676,6,0.0341700226666398,1,0.6,6,4.076589285190019,8.459888540180945,12,0.8055555555555556,,,360.0
C_r001000_tau7,C,400010,4200,5.563419032156832,12.563895222633024,20.683036880224503,0.4202380952380952,4.885618083164127,8.497474167490214,11.43274042711568,0.2752558599077591,396.7114983794647,55539.609773125056,0.034047619047619,31.716399166485644,6,0.026760986379921,0,0.3333333333333333,1,3.958626955763884,8.200880630115318,12,0.7805555555555556,,,358.0
C_r001000_tau7,C,400011,4200,5.500449055118851,12.484099848769644,20.683036880224503,0.4388095238095238,4.885618083164127,8.497474167490214,10.116256910541466,0.3230974322550208,387.7458901699585,54284.42462379418,0.0276190476190476,67.46343351405085,5,0.031412250358127,2,0.7333333333333333,4,4.63212805424657,8.659278670478294,12,0.8,,,360.0
C_r001000_tau7,C,400012,4200,5.572346900995814,12.602124678773592,20.683036880224503,0.4259523809523809,4.885618083164127,8.497474167490214,10.774602526460402,0.327929828625056,399.5767385965975,55940.74340352365,0.0292857142857142,38.97816980760399,5,0.0318820666718804,2,0.4666666666666667,2,4.005764637942299,8.26807204728175,12,0.7805555555555556,,,360.0
C_r001000_tau7,C,400013,4200,5.550310182309551,12.45697684897622,20.683036880224503,0.4397619047619047,4.885618083164127,8.497474167490214,11.0,0.3942594145962478,397.9352672800388,55710.93741920544,0.0361904761904761,42.73646965598164,5,0.0383307764190796,1,0.8666666666666667,3,3.9827425701065,8.329281166841264,12,0.7944444444444444,,,360.0
C_r001000_tau7,C,400014,4200,5.685535874158693,12.72940889003171,20.683036880224503,0.4333333333333333,4.885618083164127,8.497474167490214,10.774602526460402,0.4868729801832264,423.77384149840526,59328.33780977674,0.0335714285714285,61.13103626942029,6,0.0473348730733692,2,0.7333333333333333,5,4.528580491482043,8.785140815460078,12,0.7833333333333333,,,358.0
C_r001000_tau7,C,400015,4200,5.512807201867253,12.478172281232332,20.683036880224503,0.4383333333333333,4.885618083164127,8.497474167490214,10.42037880847351,0.3186546106473178,390.207581223442,54629.06137128188,0.0278571428571428,50.65678916605975,7,0.0309803093684892,0,0.2666666666666666,2,3.979035746461812,8.39747387618445,12,0.7722222222222223,,,359.0
C_r001000_tau7,C,400016,4200,5.890770607555916,12.90883409961941,20.683036880224503,0.4064285714285714,4.885618083164127,8.497474167490214,11.94427190999916,0.5174492070595373,459.4121752772869,64317.70453882016,0.0452380952380952,62.19296004958596,6,0.050307561797455,1,0.7333333333333333,4,3.802507033807406,8.528045241383433,12,0.7888888888888889,,,359.0
C_r001000_tau7,C,400017,4200,5.678166761400798,12.712579459813496,20.683036880224503,0.4238095238095238,4.885618083164127,8.497474167490214,11.17912449150527,0.4705391749546678,420.3790534839994,58853.06748775992,0.0380952380952381,56.4958131180465,7,0.0457468642317038,1,0.6666666666666666,3,4.4652493548965815,8.725091411126632,12,0.8083333333333333,,,354.0
C_r001000_tau7,C,400018,4200,5.60681491849071,12.556941902617694,20.683036880224503,0.425,4.885618083164127,8.497474167490214,9.79869268479038,0.3843944093756207,406.303421138026,56882.47895932364,0.0266666666666666,52.63820973776456,6,0.0373716786892964,0,0.6,4,4.811574395808389,8.746578845646859,12,0.7916666666666666,,,360.0
C_r001000_tau7,C,400019,4200,5.740311068263072,12.72377138572339,20.683036880224503,0.4273809523809523,4.885618083164127,8.497474167490214,11.94427190999916,0.4469250524129373,433.4633500661405,60684.86900925967,0.0397619047619047,55.26989214225614,6,0.0434510467623689,2,0.5666666666666667,3,3.9956017670566286,8.277815165967235,12,0.7805555555555556,,,358.0
C_r001000_tau7,C,400020,4200,5.478174042157171,12.360808962792092,20.683036880224503,0.4197619047619048,4.885618083164127,8.497474167490214,10.774602526460402,0.2015824157126692,379.5348494782924,53134.87892696094,0.0273809523809523,28.57631802187097,5,0.0195982904165095,0,0.3666666666666666,2,3.6049305941554968,8.137135077183395,12,0.7694444444444445,,,359.0
C_r001000_tau7,C,400021,4200,5.503804353253426,12.53520117865025,20.683036880224503,0.4397619047619047,4.885618083164127,8.497474167490214,10.774602526460402,0.2962012609473805,388.7132516030661,54419.85522442926,0.0271428571428571,40.068951615503465,4,0.0287973448143286,0,0.6666666666666666,4,4.276739699198339,8.29439584939586,12,0.8138888888888889,,,357.0
C_r001000_tau7,C,400022,4200,5.703615690249628,12.707615690249629,20.683036880224503,0.4280952380952381,4.885618083164127,8.497474167490214,10.774602526460402,0.5467228348497606,426.320393094692,59684.855033256885,0.0388095238095238,63.15256135871459,7,0.0531536089437267,3,1.3666666666666667,6,4.007691835961443,8.289124927859616,12,0.7972222222222223,,,360.0
C_r001000_tau7,C,400023,4200,5.695737982260762,12.63488083940362,20.683036880224503,0.4180952380952381,4.885618083164127,8.497474167490214,11.43274042711568,0.3893868350809082,422.674659776141,59174.45236865975,0.0397619047619047,51.39615803168272,5,0.0378570534106438,0,0.7,3,3.7200686632155167,8.31142328816173,12,0.7916666666666666,,,360.0
C_r001000_tau7,C,400024,4200,5.491923317901971,12.4809074448861,20.683036880224503,0.4271428571428571,4.885618083164127,8.497474167490214,10.774602526460402,0.2699426343511281,383.7690967645393,53727.67354703551,0.0319047619047619,29.26434521726333,5,0.0262444227841374,1,0.2666666666666666,1,3.938361044954673,8.214593220219243,12,0.7611111111111111,,,358.0
C_r001000_tau7,C,400025,4200,5.441931706964109,12.450122183154583,20.683036880224503,0.4357142857142857,4.885618083164127,8.497474167490214,9.79869268479038,0.2679892546996607,375.4704987095551,52565.869819337706,0.0276190476190476,29.90419859419489,4,0.0260545108735781,0,0.6333333333333333,3,4.339264665416266,8.324508143189153,12,0.7833333333333333,,,358.0
C_r001000_tau7,C,400026,4200,5.500488580509806,12.516202866224091,20.683036880224503,0.4330952380952381,4.885618083164127,8.497474167490214,10.378914233647542,0.3011916103629621,386.7167637210089,54140.34692094124,0.0264285714285714,37.94528286765126,4,0.0292825176741768,0,0.6,4,3.9394555885785856,8.024226877592403,12,0.8,,,360.0
C_r001000_tau7,C,400027,4200,5.768133019075212,12.81616476510696,20.683036880224503,0.4321428571428571,4.885618083164127,8.497474167490214,11.5374989832438,0.5520065063337062,440.0253191407998,61603.54467971197,0.0388095238095238,103.5107030790241,9,0.0536672992268881,1,0.6333333333333333,3,4.271678503623582,8.543569569867342,12,0.7694444444444445,,,360.0
C_r001000_tau7,C,400028,4200,5.609287234146053,12.624461837320656,20.683036880224503,0.405,4.885618083164127,8.497474167490214,11.0,0.3165571838957631,402.7973399096217,56391.62758734704,0.0364285714285714,29.51084366698342,3,0.0307763928787547,0,0.5,3,4.168963749906038,8.432762724465567,12,0.8,,,358.0
C_r001000_tau7,C,400029,4200,5.4454493096811785,12.521322325554197,20.683036880224503,0.434047619047619,4.885618083164127,8.497474167490214,9.79869268479038,0.2715468449128855,375.8567724902543,52619.9481486356,0.0273809523809523,46.05009241732478,5,0.0264003876998638,5,0.7333333333333333,5,4.050079107171476,8.292911191853266,12,0.7777777777777778,,,359.0
