component_id,fault_class,shading_suspect,shading_screen_status,config_dispersion,config_cutoff,config_anomaly_days,global_dispersion,global_cutoff,global_anomaly_days
PV001,正常,False,未发现疑似遮挡,0.01693470694618619,0.015221232598954013,0,0.014114674796367275,0.012783297549066052,1
PV002,正常,False,未发现疑似遮挡,0.010012622559929523,0.015221232598954013,2,0.013684769017314741,0.012783297549066052,1
PV003,正常,False,未发现疑似遮挡,0.015490084929510758,0.015221232598954013,0,0.013967023007200804,0.012783297549066052,1
PV004,正常,False,未发现疑似遮挡,0.006068727191205799,0.013593062072553782,1,0.007887389586144072,0.012783297549066052,2
PV005,正常,False,未发现疑似遮挡,0.011615724306352737,0.013593062072553782,0,0.014433068135748663,0.012783297549066052,0
PV006,热斑,False,筛查不稳定,0.019817229833426042,0.013593062072553782,4,0.011881069267056349,0.012783297549066052,1
PV007,热斑,False,筛查不稳定,0.01313186795026052,0.013593062072553782,2,0.019870581101822816,0.012783297549066052,2
PV008,热斑,True,疑似遮挡,0.028165756509128403,0.013593062072553782,7,0.03338128387801223,0.012783297549066052,8
PV009,热斑,False,筛查不稳定,0.015898873923667352,0.013593062072553782,1,0.0162780050807414,0.012783297549066052,2
PV010,热斑,False,筛查不稳定,0.01686769179484773,0.013593062072553782,2,0.01104694451093932,0.012783297549066052,3
PV011,隐裂,False,未发现疑似遮挡,0.01486799546073545,0.013716026858042338,1,0.01395923977105005,0.012783297549066052,2
PV012,隐裂,False,筛查不稳定,0.015850014297881836,0.013716026858042338,1,0.01688602082252246,0.012783297549066052,2
PV013,隐裂,False,筛查不稳定,0.01669496931382235,0.013716026858042338,1,0.019089633622780138,0.012783297549066052,2
PV014,隐裂,False,筛查不稳定,0.01660164644205944,0.013716026858042338,1,0.01884126446442686,0.012783297549066052,3
PV015,隐裂,False,未发现疑似遮挡,0.013312309616383633,0.013716026858042338,0,0.01501139344777318,0.012783297549066052,0
PV016,正常,False,未发现疑似遮挡,0.014632084769229054,0.013716026858042338,1,0.013415623515025473,0.012783297549066052,0
PV017,正常,False,筛查不稳定,0.011276024752087752,0.013716026858042338,1,0.013378091347779631,0.012783297549066052,2
PV018,正常,False,未发现疑似遮挡,0.016748391606257074,0.013716026858042338,0,0.015624605798119076,0.012783297549066052,0
PV019,正常,False,未发现疑似遮挡,0.009123721100573154,0.013716026858042338,1,0.01233327172370054,0.012783297549066052,2
PV020,正常,False,筛查不稳定,0.018400685906321854,0.013716026858042338,0,0.01927989088002511,0.012783297549066052,2
PV021,正常,False,未发现疑似遮挡,0.006367983005180014,0.013716026858042338,0,0.005116101363017757,0.012783297549066052,0
PV022,隐裂,False,未发现疑似遮挡,0.01149378819332037,0.013716026858042338,0,0.01057786343841093,0.012783297549066052,0
PV023,正常,False,未发现疑似遮挡,0.0056223183602497106,0.015221232598954013,0,0.00391996127743878,0.012783297549066052,0
PV024,正常,False,未发现疑似遮挡,0.008063280558692185,0.015221232598954013,0,0.008639946234731766,0.012783297549066052,0
PV025,正常,False,未发现疑似遮挡,0.007243897726906729,0.015221232598954013,0,0.00800547919582023,0.012783297549066052,0
PV026,正常,False,未发现疑似遮挡,0.003915483359917197,0.015221232598954013,0,0.005722573122109788,0.012783297549066052,0
PV027,正常,False,未发现疑似遮挡,0.007324548487641494,0.015221232598954013,0,0.008774117549078475,0.012783297549066052,0
PV028,正常,False,未发现疑似遮挡,0.008804770410653565,0.015221232598954013,0,0.0066431014465319176,0.012783297549066052,0
PV029,热斑,False,未发现疑似遮挡,0.011468034442890162,0.015221232598954013,3,0.015306554382140819,0.012783297549066052,2
PV030,正常,False,未发现疑似遮挡,0.004904192774182001,0.015221232598954013,0,0.010658314627302058,0.012783297549066052,0
PV031,正常,False,未发现疑似遮挡,0.010391879129793159,0.015221232598954013,0,0.006488492886328432,0.012783297549066052,0
PV032,正常,False,未发现疑似遮挡,0.009238067859275416,0.015221232598954013,0,0.007067775525571639,0.012783297549066052,0
PV033,正常,False,未发现疑似遮挡,0.009668283331576556,0.013593062072553782,0,0.008019719174772389,0.012783297549066052,0
PV034,正常,False,未发现疑似遮挡,0.008607317838188624,0.013593062072553782,0,0.006677903955518761,0.012783297549066052,0
PV035,正常,False,未发现疑似遮挡,0.007403147975683661,0.013593062072553782,0,0.006978984294484108,0.012783297549066052,0
PV036,隐裂,False,筛查不稳定,0.015066411569051742,0.013593062072553782,2,0.012604442509198682,0.012783297549066052,0
PV037,正常,False,未发现疑似遮挡,0.00910148478412284,0.013593062072553782,0,0.00569863399311737,0.012783297549066052,0
PV038,正常,False,未发现疑似遮挡,0.0059607728027457505,0.013593062072553782,0,0.00436860766459209,0.012783297549066052,0
PV039,正常,False,未发现疑似遮挡,0.010287592412915358,0.013593062072553782,0,0.007702578510940895,0.012783297549066052,0
PV040,正常,False,未发现疑似遮挡,0.007093469478762753,0.013593062072553782,0,0.0049231087319139555,0.012783297549066052,0
PV041,正常,False,未发现疑似遮挡,0.0017535188324406315,0.013593062072553782,0,0.006551919698308618,0.012783297549066052,0
PV042,正常,False,未发现疑似遮挡,0.0071612524531996,0.013593062072553782,0,0.008238961307372951,0.012783297549066052,0
PV043,正常,False,未发现疑似遮挡,0.006857098447354901,0.013716026858042338,0,0.0050919007055618025,0.012783297549066052,0
PV044,热斑,False,未发现疑似遮挡,0.019279579772241023,0.013716026858042338,1,0.016475585100712186,0.012783297549066052,1
PV045,正常,False,未发现疑似遮挡,0.007791768621464973,0.013716026858042338,0,0.007271293971271992,0.012783297549066052,0
PV046,隐裂,False,未发现疑似遮挡,0.015295399513043866,0.013716026858042338,1,0.012836577148978711,0.012783297549066052,0
PV047,正常,False,未发现疑似遮挡,0.007043243649897028,0.013716026858042338,0,0.007054822950124161,0.012783297549066052,0
PV048,正常,False,未发现疑似遮挡,0.008491469858903497,0.013716026858042338,0,0.004878107713914815,0.012783297549066052,0
PV049,正常,False,未发现疑似遮挡,0.006788863920741657,0.013716026858042338,0,0.004159897737466404,0.012783297549066052,0
PV050,正常,False,未发现疑似遮挡,0.010026872949235046,0.013716026858042338,0,0.007388332142548831,0.012783297549066052,0
PV051,热斑,False,未发现疑似遮挡,0.007653779040174939,0.013716026858042338,0,0.011004768419100544,0.012783297549066052,0
PV052,正常,False,未发现疑似遮挡,0.006075299501133134,0.013716026858042338,0,0.0020178571280144047,0.012783297549066052,0
PV053,正常,False,未发现疑似遮挡,0.005754820614429595,0.015221232598954013,0,0.007604296502385993,0.012783297549066052,0
PV054,正常,False,未发现疑似遮挡,0.007892806832842783,0.015221232598954013,0,0.007670121441776048,0.012783297549066052,0
PV055,正常,False,未发现疑似遮挡,0.010299224739597199,0.015221232598954013,0,0.006689436873650813,0.012783297549066052,0
PV056,正常,False,未发现疑似遮挡,0.005400371657158114,0.015221232598954013,0,0.0029861229316900917,0.012783297549066052,0
PV057,正常,False,未发现疑似遮挡,0.005597582811353405,0.015221232598954013,0,0.0036458292664641855,0.012783297549066052,0
PV058,正常,False,未发现疑似遮挡,0.003918137318259938,0.015221232598954013,0,0.00553550561599139,0.012783297549066052,0
PV059,隐裂,False,未发现疑似遮挡,0.008625272930047159,0.015221232598954013,0,0.007345964227281216,0.012783297549066052,0
PV060,热斑,False,筛查不稳定,0.009925436279232059,0.015221232598954013,1,0.015036888758551428,0.012783297549066052,2
PV061,正常,False,未发现疑似遮挡,0.00759404250059919,0.015221232598954013,0,0.0059727603210204495,0.012783297549066052,0
PV062,正常,False,未发现疑似遮挡,0.007194082373125603,0.015221232598954013,0,0.007955421206108733,0.012783297549066052,0
PV063,隐裂,False,未发现疑似遮挡,0.009271772670487207,0.013593062072553782,1,0.013050887453292803,0.012783297549066052,0
PV064,正常,False,未发现疑似遮挡,0.006755514544806299,0.013593062072553782,0,0.0055087011245047125,0.012783297549066052,0
PV065,正常,False,未发现疑似遮挡,0.003142859760119462,0.013593062072553782,0,0.0064999137873889825,0.012783297549066052,0
PV066,正常,False,未发现疑似遮挡,0.0076743004778684325,0.013593062072553782,0,0.008299952190811477,0.012783297549066052,0
PV067,热斑,True,疑似遮挡,0.021695392399023447,0.013593062072553782,7,0.020089632081568526,0.012783297549066052,6
PV068,正常,False,未发现疑似遮挡,0.0029289173872871993,0.013593062072553782,0,0.002997996157062732,0.012783297549066052,0
PV069,正常,False,未发现疑似遮挡,0.007216757398476786,0.013593062072553782,0,0.005639179491732591,0.012783297549066052,0
PV070,热斑,False,未发现疑似遮挡,0.011818688237006453,0.013593062072553782,1,0.010466634294200918,0.012783297549066052,1
PV071,热斑,True,疑似遮挡,0.024290603252436482,0.013593062072553782,5,0.024066594555838594,0.012783297549066052,4
PV072,正常,False,未发现疑似遮挡,0.004741906771187724,0.013593062072553782,0,0.0039112787756776166,0.012783297549066052,0
PV073,正常,False,未发现疑似遮挡,0.0077808059515287985,0.013716026858042338,0,0.007893699599095886,0.012783297549066052,0
PV074,正常,False,未发现疑似遮挡,0.005531798311357437,0.013716026858042338,0,0.007584705845939173,0.012783297549066052,0
PV075,正常,False,未发现疑似遮挡,0.009111673640905073,0.013716026858042338,0,0.006502382610255234,0.012783297549066052,0
PV076,热斑,False,未发现疑似遮挡,0.008884520969139841,0.013716026858042338,0,0.008685079222908332,0.012783297549066052,1
PV077,隐裂,False,未发现疑似遮挡,0.010586502676076918,0.013716026858042338,0,0.014761757067295255,0.012783297549066052,0
PV078,热斑,False,筛查不稳定,0.013741706274415668,0.013716026858042338,0,0.015347411614985006,0.012783297549066052,4
PV079,正常,False,未发现疑似遮挡,0.002726829586678329,0.013716026858042338,0,0.006602059299074215,0.012783297549066052,0
PV080,隐裂,False,未发现疑似遮挡,0.010071201950479159,0.013716026858042338,0,0.0077115028003112655,0.012783297549066052,0
PV081,正常,False,未发现疑似遮挡,0.008650116220031163,0.013716026858042338,0,0.005063568291418115,0.012783297549066052,0
PV082,正常,False,未发现疑似遮挡,0.007708101265257017,0.013716026858042338,0,0.008130019490914303,0.012783297549066052,0
PV083,隐裂,False,未发现疑似遮挡,0.009470062536262572,0.015221232598954013,0,0.007153619777896862,0.012783297549066052,0
PV084,热斑,False,未发现疑似遮挡,0.014091930509140071,0.015221232598954013,3,0.01918568548349482,0.012783297549066052,1
PV085,正常,False,未发现疑似遮挡,0.00768894725149006,0.015221232598954013,0,0.006346638141912881,0.012783297549066052,0
PV086,正常,False,未发现疑似遮挡,0.004672000029326123,0.015221232598954013,0,0.005200476867867312,0.012783297549066052,0
PV087,正常,False,未发现疑似遮挡,0.005449072731236725,0.015221232598954013,0,0.007536637864053102,0.012783297549066052,0
PV088,正常,False,未发现疑似遮挡,0.007567581622180903,0.015221232598954013,0,0.005141836783622348,0.012783297549066052,0
PV089,正常,False,未发现疑似遮挡,0.005280503548718524,0.015221232598954013,0,0.007289658996555047,0.012783297549066052,0
PV090,正常,False,未发现疑似遮挡,0.0053170550291835985,0.015221232598954013,0,0.004727556342720011,0.012783297549066052,0
PV091,正常,False,未发现疑似遮挡,0.005131086604349671,0.015221232598954013,0,0.005295207305541215,0.012783297549066052,0
PV092,正常,False,未发现疑似遮挡,0.00908540166858667,0.015221232598954013,0,0.00587586416564122,0.012783297549066052,0
PV093,隐裂,False,未发现疑似遮挡,0.012140751041489107,0.015221232598954013,0,0.012288311400970798,0.012783297549066052,0
PV094,正常,False,未发现疑似遮挡,0.0073820964801018804,0.015221232598954013,0,0.0050173357674005966,0.012783297549066052,0
PV095,正常,False,未发现疑似遮挡,0.007980900629164931,0.015221232598954013,0,0.004886498502716565,0.012783297549066052,0
PV096,正常,False,未发现疑似遮挡,0.007962703535080216,0.015221232598954013,0,0.008048386336990792,0.012783297549066052,0
PV097,隐裂,False,未发现疑似遮挡,0.007066905960905248,0.015221232598954013,0,0.010131714897836923,0.012783297549066052,0
PV098,正常,False,未发现疑似遮挡,0.009133676364108657,0.015221232598954013,0,0.005987046722180869,0.012783297549066052,0
PV099,正常,False,未发现疑似遮挡,0.008224360306109506,0.015221232598954013,0,0.006809259384471018,0.012783297549066052,0
PV100,正常,False,未发现疑似遮挡,0.006895086245719325,0.015221232598954013,0,0.004620056287825598,0.012783297549066052,0
