incident_zone,duration_hours,metric,B_N_mean,B_E_mean,mean_difference_B_E_minus_B_N,ci95_low,ci95_high,replications
1,0.5,mean_response_min,6.977905542065642,6.958107506207635,-0.019798035858007258,-0.06458430448353407,0.024988232767519557,10
1,1.0,mean_response_min,9.103134010444881,9.117031550641387,0.013897540196506597,-0.007177688006576888,0.034972768399590085,10
1,2.0,mean_response_min,11.31447335685597,11.329721376236918,0.015248019380949173,-0.019245396880150856,0.049741435642049206,10
1,4.0,mean_response_min,20.88607028690432,20.900229721183347,0.014159434279027928,-0.07385729672845426,0.1021761652865101,10
1,5.0,mean_response_min,34.69048903655982,34.68244653104297,-0.008042505516852927,-0.026235916978645853,0.01015090594494,10
1,6.0,mean_response_min,53.79925220417259,53.76532498793997,-0.03392721623262318,-0.12424272529466893,0.056388292829422565,10
1,8.0,mean_response_min,80.03311163483689,79.84132592050703,-0.1917857143298555,-0.609555237306378,0.22598380864666692,10
1,10.0,mean_response_min,80.83336397428778,80.73267428846792,-0.10068968581984591,-0.2688883375360924,0.06750896589640057,10
1,11.0,mean_response_min,85.43555028343903,85.27083092898064,-0.16471935445836863,-0.413146676590884,0.08370796767414673,10
1,12.0,mean_response_min,102.99850802745709,102.94725681666141,-0.0512512107956681,-0.1320604257996791,0.029558004208342918,10
2,0.5,mean_response_min,6.3782142718448895,6.3782142718448895,0.0,0.0,0.0,9
2,1.0,mean_response_min,6.43449947874109,6.402625086165467,-0.03187439257562259,-0.10397927805040916,0.04023049289916397,10
2,2.0,mean_response_min,7.666843455029356,7.544635977079045,-0.12220747795031021,-0.26414084016156714,0.019725884260946694,10
2,4.0,mean_response_min,8.65200451590518,8.705098010865541,0.05309349496036351,-0.11660441413673042,0.22279140405745743,10
2,5.0,mean_response_min,9.300462926121282,9.296901409896776,-0.0035615162245060004,-0.011013170647463027,0.003890138198451027,10
2,6.0,mean_response_min,11.426675022422172,11.42538124764223,-0.0012937747799423248,-0.006772795588826944,0.004185246028942293,10
2,8.0,mean_response_min,24.77903018491232,24.79410922233506,0.015079037422740615,-0.2084670287702778,0.23862510361575903,10
2,10.0,mean_response_min,15.005873734485599,14.972247437167539,-0.033626297318062104,-0.18619920858662808,0.11894661395050388,10
2,11.0,mean_response_min,14.429155065879886,14.398237498065237,-0.03091756781464907,-0.09112819542312935,0.029293059793831205,10
2,12.0,mean_response_min,22.61455304562934,22.748610825821014,0.1340577801916761,-0.18476586827952948,0.4528814286628817,10
3,0.5,mean_response_min,7.18240611272658,7.0353114106588865,-0.14709470206769304,-0.48629569330241795,0.19210628916703187,9
3,1.0,mean_response_min,7.570561375102754,7.578292483944416,0.0077311088416624155,-0.006476991884190134,0.021939209567514967,10
3,2.0,mean_response_min,9.03141889993552,9.032001989047199,0.0005830891116776371,-0.000735950098853572,0.0019021283222088463,10
3,4.0,mean_response_min,10.782931342070972,10.861061863942556,0.07813052187158469,-0.07594212036986335,0.2322031641130327,10
3,5.0,mean_response_min,13.267625135943788,13.266770173902305,-0.0008549620414825653,-0.0027890205475429265,0.0010790964645777958,10
3,6.0,mean_response_min,17.231056121914484,17.182604484030694,-0.048451637883785995,-0.16309641281799656,0.06619313705042457,10
3,8.0,mean_response_min,37.66343509369569,37.56836542036224,-0.09506967333344356,-0.2734072611256092,0.08326791445872207,10
3,10.0,mean_response_min,29.17104857998125,29.166875894013504,-0.004172685967748002,-0.014838405183443787,0.006493033247947783,10
3,11.0,mean_response_min,28.53056229456872,28.360904131228985,-0.169658163339738,-0.45910316070652696,0.11978683402705098,10
3,12.0,mean_response_min,39.759612303134,39.693431021019705,-0.06618128211427923,-0.33675921220524274,0.20439664797668425,10
4,0.5,mean_response_min,5.758346193408179,5.758346193408179,0.0,0.0,0.0,9
4,1.0,mean_response_min,5.507444965134691,5.507444965134691,0.0,0.0,0.0,10
4,2.0,mean_response_min,6.633565379699149,6.684169608126714,0.050604228427564735,-0.06387048937772735,0.16507894623285682,10
4,4.0,mean_response_min,6.457425361434437,6.52074960673944,0.06332424530500277,-0.08937344896453678,0.21602193957454233,10
4,5.0,mean_response_min,7.316328157519474,7.315942340708444,-0.00038581681102929367,-0.01700290583967777,0.016231272217619185,10
4,6.0,mean_response_min,7.968075534535255,7.955107072300004,-0.012968462235249945,-0.057558663557673286,0.031621739087173396,10
4,8.0,mean_response_min,11.315582436764766,11.144270495652416,-0.1713119411123513,-0.49023864119151805,0.14761475896681545,10
4,10.0,mean_response_min,7.915391773803298,7.883090550423513,-0.0323012233797841,-0.057829045819489944,-0.006773400940078254,10
4,11.0,mean_response_min,7.884257018020828,8.016082508075497,0.13182549005466865,-0.13910196471195335,0.40275294482129065,10
4,12.0,mean_response_min,8.660116265905637,8.582332525186827,-0.07778374071880903,-0.18059736310204288,0.025029881664424825,10
5,0.5,mean_response_min,6.046260719387192,6.140687006675947,0.0944262872887553,-0.12332112167109097,0.3121736962486016,9
5,1.0,mean_response_min,5.773859111382795,5.807356714452276,0.03349760306948095,-0.019694199697906464,0.08668940583686836,10
5,2.0,mean_response_min,6.820476650812014,6.801009164283295,-0.019467486528719748,-0.07435012105108042,0.03541514799364093,10
5,4.0,mean_response_min,7.061986494955562,7.07963510534902,0.01764861039345673,-0.1923206247696774,0.22761784555659084,10
5,5.0,mean_response_min,6.972525661272613,6.914480592310808,-0.058045068961803635,-0.1385909567757177,0.022500818852110423,10
5,6.0,mean_response_min,7.195012563943758,7.198848417073785,0.003835853130025946,-0.07476673976366913,0.08243844602372102,10
5,8.0,mean_response_min,9.39680188873753,9.40075002414259,0.003948135405061759,-0.14567295326699348,0.15356922407711698,10
5,10.0,mean_response_min,6.617345090732241,6.609484298184599,-0.007860792547642336,-0.09154901408407333,0.07582742898878865,10
5,11.0,mean_response_min,6.610246480516388,6.560831072605298,-0.04941540791108947,-0.10020730294742988,0.0013764871252509442,10
5,12.0,mean_response_min,6.80909374767201,6.795735502754527,-0.013358244917482321,-0.06310798573046009,0.03639149589549545,10
6,0.5,mean_response_min,5.366848772406523,5.366848772406523,0.0,0.0,0.0,9
6,1.0,mean_response_min,5.364630864608195,5.304239926168757,-0.0603909384394389,-0.1970047323983211,0.07622285551944327,10
6,2.0,mean_response_min,6.044652838363578,6.023701526328421,-0.020951312035156898,-0.0683464726255073,0.026443848555193515,10
6,4.0,mean_response_min,6.071447961261648,6.030412612175608,-0.041035349086038675,-0.10118965688498963,0.01911895871291227,10
6,5.0,mean_response_min,5.878182413536905,5.82656243381208,-0.05161997972482553,-0.14477151780338257,0.04153155835373151,10
6,6.0,mean_response_min,5.781629930213674,5.748362070047335,-0.033267860166338356,-0.0782398496044942,0.011704129271817493,10
6,8.0,mean_response_min,7.459912652460399,7.4810231933132485,0.021110540852849267,-0.09615456259661426,0.13837564430231278,10
6,10.0,mean_response_min,5.42025816210834,5.362900529076993,-0.057357633031346555,-0.1067336825708679,-0.007981583491825206,10
6,11.0,mean_response_min,5.514182698175628,5.514001603694806,-0.000181094480822086,-0.044795601078311376,0.04443341211666721,10
6,12.0,mean_response_min,5.400013500552182,5.418134386445476,0.018120885893293172,-0.016461445961448024,0.05270321774803437,10
7,0.5,mean_response_min,7.363723566742203,7.319861961132911,-0.04386160560928993,-0.12357862581287557,0.03585541459429572,9
7,1.0,mean_response_min,8.477239879603552,8.587382737499833,0.11014285789628228,-0.03063482258074704,0.25092053837331163,10
7,2.0,mean_response_min,9.897007062316245,9.8130029066785,-0.0840041556377443,-0.1911524558286805,0.0231441445531919,10
7,4.0,mean_response_min,12.238308121553766,12.385922445031852,0.14761432347808395,-0.0960738169860487,0.39130246394221657,10
7,5.0,mean_response_min,16.122130556931943,15.972060239282134,-0.15007031764980816,-0.5908920399821663,0.29075140468255,10
7,6.0,mean_response_min,23.09737987030152,23.378508017502103,0.28112814720058343,-0.13356015197398075,0.6958164463751476,10
7,8.0,mean_response_min,45.168905726591206,45.030518296377664,-0.13838743021354638,-0.3162491872349791,0.03947432680788629,10
7,10.0,mean_response_min,38.302557751462224,38.06524838611021,-0.23730936535201738,-0.6015365540005502,0.12691782329651544,10
7,11.0,mean_response_min,38.816628738646294,38.392837963598865,-0.4237907750474312,-0.9821729497741467,0.1345913996792844,10
7,12.0,mean_response_min,51.82219085997392,51.425606318181835,-0.3965845417920704,-0.804910571433013,0.01174148784887219,10
8,0.5,mean_response_min,6.516177707384088,6.516177707384088,0.0,0.0,0.0,10
8,1.0,mean_response_min,8.016282236394268,7.991606699141603,-0.024675537252664092,-0.0804954805946721,0.031144406089343917,10
8,2.0,mean_response_min,9.153789234940913,9.153789234940913,0.0,0.0,0.0,10
8,4.0,mean_response_min,13.322958519056638,13.254078813091857,-0.06887970596478041,-0.22469642618444263,0.08693701425488182,10
8,5.0,mean_response_min,17.269354944027643,17.179047258687596,-0.09030768534004405,-0.29459786258775117,0.11398249190766307,10
8,6.0,mean_response_min,29.271327852661877,29.329100624708296,0.0577727720464285,-0.06984347151021195,0.18538901560306895,10
8,8.0,mean_response_min,53.875610384437735,53.91503268768563,0.039422303247887314,-0.06811837383725117,0.1469629803330258,10
8,10.0,mean_response_min,48.605687549795064,48.49859974251787,-0.10708780727719862,-0.45936273364355495,0.2451871190891577,10
8,11.0,mean_response_min,49.929302658013455,49.74187671470909,-0.1874259433043644,-0.9726143834661205,0.5977624968573918,10
8,12.0,mean_response_min,64.12547640538975,64.13313501339647,0.0076586080067208686,-0.05985300880799041,0.07517022482143215,10
9,0.5,mean_response_min,6.370950012641277,6.370950012641277,0.0,0.0,0.0,9
9,1.0,mean_response_min,6.17310305250552,6.259422308850903,0.08631925634538247,-0.10894846768373885,0.2815869803745038,10
9,2.0,mean_response_min,6.848766428937236,6.7929740650412835,-0.05579236389595188,-0.14840995634052623,0.036825228548622455,10
9,4.0,mean_response_min,7.0841630612827675,7.073516366747944,-0.010646694534823985,-0.03473119083690057,0.013437801767252597,10
9,5.0,mean_response_min,6.768036046513457,6.7682034181700015,0.00016737165654392427,-0.016457574321818245,0.01679231763490609,10
9,6.0,mean_response_min,7.692523031167729,7.647321046910801,-0.04520198425692827,-0.09947867668203798,0.009074708168181442,10
9,8.0,mean_response_min,10.256312300714523,10.155525398338998,-0.10078690237552106,-0.32128731977065556,0.11971351501961346,10
9,10.0,mean_response_min,7.225349650178546,7.219009222670342,-0.006340427508202939,-0.021438749202985975,0.008757894186580096,10
9,11.0,mean_response_min,7.474551955792745,7.401536708956378,-0.0730152468363678,-0.24613343954026184,0.10010294586752623,10
9,12.0,mean_response_min,8.51347250231506,8.507611783229338,-0.005860719085722987,-0.013950725623484234,0.00222928745203826,10
10,0.5,mean_response_min,5.597881370704645,5.597881370704645,0.0,0.0,0.0,9
10,1.0,mean_response_min,5.494816460079495,5.494816460079495,0.0,0.0,0.0,10
10,2.0,mean_response_min,6.183491703953677,6.193820953765055,0.010329249811377839,-0.013037136635762545,0.03369563625851822,10
10,4.0,mean_response_min,6.108412285208471,6.119002597228249,0.010590312019779002,-0.013366638172031993,0.03454726221159,10
10,5.0,mean_response_min,6.213854000393311,6.196165299616281,-0.01768870077703131,-0.0842474270783255,0.04887002552426289,10
10,6.0,mean_response_min,6.026067314446409,6.056580527942694,0.03051321349628582,-0.038512470974327986,0.09953889796689962,10
10,8.0,mean_response_min,6.730882520699095,6.699614956155047,-0.0312675645440474,-0.09823415315361891,0.03569902406552411,10
10,10.0,mean_response_min,5.630726673795112,5.645192428998326,0.014465755203214936,-0.018009249038997414,0.046940759445427284,10
10,11.0,mean_response_min,5.600985051210534,5.587353176793878,-0.013631874416655521,-0.0703271309260041,0.043063382092693045,10
10,12.0,mean_response_min,5.6827522952725475,5.66818866874423,-0.014563626528317908,-0.03892291881804347,0.009795665761407649,10
1,0.5,p95_response_min,11.613744302447007,11.606411203518038,-0.007333098928968518,-0.023921721196642494,0.00925552333870546,10
1,1.0,p95_response_min,17.948065531996587,17.981660403830166,0.03359487183357572,-0.04240200811803525,0.1095917517851867,10
1,2.0,p95_response_min,23.362173539800374,23.31887701693386,-0.04329652286651253,-0.1412400621932501,0.054647016460225045,10
1,4.0,p95_response_min,60.12327295010734,60.06471811682884,-0.05855483327850593,-0.19101506879593277,0.0739054022389209,10
1,5.0,p95_response_min,142.30703037471332,142.30703037471332,0.0,0.0,0.0,10
1,6.0,p95_response_min,227.33794512584387,227.33794512584387,0.0,0.0,0.0,10
1,8.0,p95_response_min,248.89982292417372,248.89982292417372,0.0,0.0,0.0,10
1,10.0,p95_response_min,328.4710369581559,328.4710369581559,0.0,0.0,0.0,10
1,11.0,p95_response_min,367.0227062841262,367.0227062841262,0.0,0.0,0.0,10
1,12.0,p95_response_min,386.18195426906505,386.18195426906505,0.0,0.0,0.0,10
2,0.5,p95_response_min,10.691606614821172,10.691606614821172,0.0,0.0,0.0,9
2,1.0,p95_response_min,11.418103341093454,11.483164266958463,0.0650609258650082,-0.08211711359880311,0.2122389653288195,10
2,2.0,p95_response_min,14.461435574473331,14.902008955938902,0.44057338146557007,-0.22102405634801808,1.1021708192791582,10
2,4.0,p95_response_min,20.86165713660805,21.125393184281045,0.2637360476729954,-0.3868051962593996,0.9142772916053904,10
2,5.0,p95_response_min,26.67837479244916,26.67837479244916,0.0,0.0,0.0,10
2,6.0,p95_response_min,36.110459085326504,36.110459085326504,0.0,0.0,0.0,10
2,8.0,p95_response_min,133.14521929029658,133.14521929029658,0.0,0.0,0.0,10
2,10.0,p95_response_min,51.1922580375488,51.18628675937732,-0.005971278171478467,-1.9282973907252394,1.9163548343822825,10
2,11.0,p95_response_min,68.41120097481318,68.72845585539821,0.31725488058502177,-0.2576240770707762,0.8921338382408197,10
2,12.0,p95_response_min,126.94558989378918,127.7943020660404,0.8487121722512263,-0.9627930894496812,2.660217433952134,10
3,0.5,p95_response_min,11.88072887415906,11.957746332115255,0.0770174579561959,-0.10058511857370482,0.2546200344860966,9
3,1.0,p95_response_min,12.631662221908615,12.631662221908615,0.0,0.0,0.0,10
3,2.0,p95_response_min,17.08345063112653,17.08345063112653,0.0,0.0,0.0,10
3,4.0,p95_response_min,25.03823763640876,25.32439398297586,0.28615634656710115,-0.36117428249983213,0.9334869756340345,10
3,5.0,p95_response_min,42.212897870564724,42.212897870564724,0.0,0.0,0.0,10
3,6.0,p95_response_min,53.31958462168397,52.85398544074012,-0.46559918094385183,-1.5188577031089636,0.5876593412212601,10
3,8.0,p95_response_min,172.06846265126447,172.06846265126447,0.0,0.0,0.0,10
3,10.0,p95_response_min,174.15833266383706,174.15833266383706,0.0,0.0,0.0,10
3,11.0,p95_response_min,157.68731916236578,156.952198139263,-0.7351210231027965,-2.939936399709267,1.469694353503674,10
3,12.0,p95_response_min,248.21443389353368,245.08146219661597,-3.1329716969177297,-9.537094934186692,3.2711515403512332,10
4,0.5,p95_response_min,9.643440510380776,9.643440510380776,0.0,0.0,0.0,9
4,1.0,p95_response_min,9.23765814339632,9.23765814339632,0.0,0.0,0.0,10
4,2.0,p95_response_min,12.64152606251589,12.694718896351365,0.05319283383547333,-0.06713771623497738,0.17352338390592403,10
4,4.0,p95_response_min,13.43532264075929,13.879526447775401,0.44420380701611306,-0.45359347369010217,1.3420010877223283,10
4,5.0,p95_response_min,16.918369662793864,16.918369662793864,0.0,0.0,0.0,10
4,6.0,p95_response_min,17.768807379691264,17.5485033619941,-0.22030401769716218,-0.5530428640306163,0.11243482863629195,10
4,8.0,p95_response_min,37.85312207601174,37.09283280401981,-0.7602892719919379,-2.3743129735590323,0.8537344295751566,10
4,10.0,p95_response_min,27.590330661502207,27.544216973539875,-0.04611368796232958,-0.18485136532501517,0.09262398940035603,10
4,11.0,p95_response_min,27.608288427056504,28.559033435472184,0.9507450084156813,-1.059235812899784,2.960725829731147,10
4,12.0,p95_response_min,39.32029932590178,39.19148059765832,-0.12881872824345902,-0.4478633722403833,0.19022591575346526,10
5,0.5,p95_response_min,9.715263870290787,9.770267679901028,0.0550038096102414,-0.07183520280295791,0.1818428220234407,9
5,1.0,p95_response_min,9.639280801009381,9.7947442659345,0.1554634649251204,-0.08836922967473365,0.39929615952497444,10
5,2.0,p95_response_min,12.793955906118633,12.793955906118633,0.0,0.0,0.0,10
5,4.0,p95_response_min,13.640490218791877,14.257773399199888,0.6172831804080101,-1.3499115107663089,2.584477871582329,10
5,5.0,p95_response_min,13.577087998362439,13.56208466710751,-0.015003331254929541,-0.19825712483956814,0.16825046232970908,10
5,6.0,p95_response_min,14.931224117455395,14.578083122615293,-0.35314099484009615,-1.059356829890068,0.3530748402098756,10
5,8.0,p95_response_min,30.08729409595818,30.252776429438114,0.16548233347993319,-0.1735001126028181,0.5044647795626844,10
5,10.0,p95_response_min,14.06723202885065,14.118462281402127,0.05123025255147855,-0.06466063020980964,0.16712113531276673,10
5,11.0,p95_response_min,15.70005505559725,15.355377907294137,-0.3446771483031091,-0.9844445135841449,0.29509021697792676,10
5,12.0,p95_response_min,15.604859168705033,15.480522766852783,-0.12433640185225006,-0.4154697283987956,0.16679692469429544,10
6,0.5,p95_response_min,8.735923507543998,8.735923507543998,0.0,0.0,0.0,9
6,1.0,p95_response_min,9.481427864909474,9.2824732526906,-0.19895461221887345,-0.6490212133215373,0.2511119888837904,10
6,2.0,p95_response_min,10.785786941395767,10.785786941395767,0.0,0.0,0.0,10
6,4.0,p95_response_min,13.829905813487818,13.852841305664787,0.022935492176970485,-0.2684023644209505,0.3142733487748915,10
6,5.0,p95_response_min,11.427386078062792,11.424971492706444,-0.002414585356350152,-0.007876756915405302,0.003047586202704999,10
6,6.0,p95_response_min,11.598965601433143,11.598965601433143,0.0,0.0,0.0,10
6,8.0,p95_response_min,21.901587343521886,22.14523569551715,0.24364835199526863,-0.0926598263595041,0.5799565303500414,10
6,10.0,p95_response_min,10.712317589250784,10.052737911933523,-0.6595796773172589,-2.332312583615961,1.0131532289814429,10
6,11.0,p95_response_min,12.543716902901362,12.562197452304309,0.01848054940294839,-0.44139997976329226,0.4783610785691891,10
6,12.0,p95_response_min,11.237471072757623,11.364196903862657,0.1267258311050341,-0.08125234107822549,0.3347040032882937,10
7,0.5,p95_response_min,11.621135110257143,11.813697192151418,0.19256208189427454,-0.25148687523744573,0.6366110390259948,9
7,1.0,p95_response_min,14.449619325363884,14.609589835905235,0.1599705105413503,-0.25790479866138083,0.5778458197440814,10
7,2.0,p95_response_min,19.345371909358978,18.823607559213535,-0.5217643501454392,-1.3856932797239694,0.342164579433091,10
7,4.0,p95_response_min,29.636033559461755,30.465700468705215,0.8296669092434555,-1.146768654633005,2.8061024731199162,10
7,5.0,p95_response_min,48.3891289484572,48.461674698920135,0.07254575046293894,-1.8436943504572298,1.9887858513831078,10
7,6.0,p95_response_min,81.80803862794589,81.63193014682491,-0.17610848112097396,-3.2865556596620458,2.934338697420098,10
7,8.0,p95_response_min,193.58541823288746,193.58541823288746,0.0,0.0,0.0,10
7,10.0,p95_response_min,204.84778956065605,204.65766815247076,-0.1901214081853361,-2.00404496245731,1.6238021460866374,10
7,11.0,p95_response_min,255.4820867869101,255.30784894007402,-0.1742378468360787,-2.6058062312214614,2.257330537549304,10
7,12.0,p95_response_min,305.2635929540426,305.2635929540426,0.0,0.0,0.0,10
8,0.5,p95_response_min,10.318751301240109,10.318751301240109,0.0,0.0,0.0,10
8,1.0,p95_response_min,14.797345554858808,14.797345554858808,0.0,0.0,0.0,10
8,2.0,p95_response_min,19.733224915771437,19.733224915771437,0.0,0.0,0.0,10
8,4.0,p95_response_min,43.19604788576389,43.19604788576389,0.0,0.0,0.0,10
8,5.0,p95_response_min,52.843374972765716,51.93368742791112,-0.9096875448545966,-2.967543740355735,1.148168650646542,10
8,6.0,p95_response_min,145.01041933571454,145.24912774517378,0.2387084094592442,-0.3012875288191518,0.7787043477376402,10
8,8.0,p95_response_min,208.71701654502004,208.71701654502004,0.0,0.0,0.0,10
8,10.0,p95_response_min,277.8496558782291,277.8496558782291,0.0,0.0,0.0,10
8,11.0,p95_response_min,296.35118857127594,296.35118857127594,0.0,0.0,0.0,10
8,12.0,p95_response_min,327.2697333904869,327.2697333904869,0.0,0.0,0.0,10
9,0.5,p95_response_min,10.37695277615063,10.37695277615063,0.0,0.0,0.0,9
9,1.0,p95_response_min,10.131172080597043,10.209592671998044,0.07842059140100055,-0.09897911114764416,0.2558202939496452,10
9,2.0,p95_response_min,11.543355691979453,11.336592340927723,-0.2067633510517286,-0.5663599130314404,0.1528332109279832,10
9,4.0,p95_response_min,13.228392443168008,12.972817400260402,-0.2555750429076049,-0.8337259568535019,0.3225758710382921,10
9,5.0,p95_response_min,13.405449128479404,13.291065786516635,-0.11438334196277022,-0.37313643828864734,0.1443697543631069,10
9,6.0,p95_response_min,16.00752630386401,15.924263995626728,-0.08326230823728249,-0.26772719995919125,0.10120258348462625,10
9,8.0,p95_response_min,32.89321053894426,32.38076604983279,-0.5124444891114667,-1.6716744606914378,0.6467854824685043,10
9,10.0,p95_response_min,17.499346659097903,17.626397238793068,0.1270505796951628,-0.23977003579655792,0.49387119518688355,10
9,11.0,p95_response_min,17.960581899940774,17.415236731707814,-0.5453451682329563,-1.6513548594322551,0.5606645229663424,10
9,12.0,p95_response_min,30.069735480843725,29.902418667715683,-0.16731681312804286,-0.5458137404022139,0.21118011414612808,10
10,0.5,p95_response_min,8.497510921683116,8.497510921683116,0.0,0.0,0.0,9
10,1.0,p95_response_min,9.475086683155435,9.475086683155435,0.0,0.0,0.0,10
10,2.0,p95_response_min,10.50334560876868,10.602726971198678,0.09938136242999854,-0.12543489843966704,0.3241976232996641,10
10,4.0,p95_response_min,11.624707371623998,11.624707371623998,0.0,0.0,0.0,10
10,5.0,p95_response_min,11.579620022770397,11.579620022770397,0.0,0.0,0.0,10
10,6.0,p95_response_min,10.709707557378026,10.785997203056365,0.07628964567833982,-0.09628952274025371,0.24886881409693334,10
10,8.0,p95_response_min,14.819274053135747,14.28596274683668,-0.5333113062990696,-1.6983335815558958,0.6317109689577564,10
10,10.0,p95_response_min,9.718357174645469,9.824594323133363,0.10623714848789367,-0.1170942377707288,0.32956853474651615,10
10,11.0,p95_response_min,10.178070751708198,10.189465065728859,0.011394314020660979,-0.16505355290421345,0.18784218094553543,10
10,12.0,p95_response_min,10.564805259732834,10.745546508655643,0.18074124892280788,-0.05043586704492964,0.4119183648905454,10
1,0.5,strict_4min_rate,0.4329004329004329,0.4329004329004329,0.0,0.0,0.0,10
1,1.0,strict_4min_rate,0.4115567765567765,0.4115567765567765,0.0,0.0,0.0,10
1,2.0,strict_4min_rate,0.23666517641622828,0.23281902257007445,-0.003846153846153849,-0.012546758318454643,0.004854450626146946,10
1,4.0,strict_4min_rate,0.18531696684683294,0.18531696684683294,0.0,0.0,0.0,10
1,5.0,strict_4min_rate,0.17453449619073874,0.1764212886435689,0.0018867924528301826,-0.00238142860905321,0.006155013514713575,10
1,6.0,strict_4min_rate,0.16300016777859735,0.16601604079447035,0.0030158730158729996,-0.0015402470744203594,0.007571993106166359,10
1,8.0,strict_4min_rate,0.1668539939399507,0.17136532603885715,0.004511332098906448,-0.0033173426212696087,0.012340006819082504,10
1,10.0,strict_4min_rate,0.23202807875909942,0.23017337790439857,-0.0018547008547008497,-0.004662492683333984,0.0009530909739322842,10
1,11.0,strict_4min_rate,0.2234667520214367,0.22441935892048784,0.0009526068990511422,-0.00469008512151874,0.006595298919621025,10
1,12.0,strict_4min_rate,0.22408825911402874,0.22481837957454132,0.0007301204605126177,-0.0066430314497621665,0.008103272370787402,10
2,0.5,strict_4min_rate,0.4773448773448774,0.4773448773448774,0.0,0.0,0.0,9
2,1.0,strict_4min_rate,0.4077984515484515,0.4168893606393606,0.009090909090909089,-0.011474156025438218,0.029655974207256394,10
2,2.0,strict_4min_rate,0.29196122717861844,0.3101278938452851,0.01816666666666667,-0.005721248032457878,0.042054581365791224,10
2,4.0,strict_4min_rate,0.3065649553281411,0.3114345498830904,0.004869594554949244,-0.00634132417733836,0.01608051328723685,10
2,5.0,strict_4min_rate,0.3243706019771889,0.3243706019771889,0.0,0.0,0.0,10
2,6.0,strict_4min_rate,0.30574117529620154,0.30574117529620154,0.0,0.0,0.0,10
2,8.0,strict_4min_rate,0.2750510551993807,0.28022921037753595,0.00517815517815517,-0.0037890312352331663,0.014145341591543506,10
2,10.0,strict_4min_rate,0.34242161553117784,0.3480149911718596,0.005593375640681719,-0.0018505837589021384,0.013037335040265576,10
2,11.0,strict_4min_rate,0.3593536154789682,0.3622667807450747,0.002913165266106449,-0.0017977322417047905,0.007624062773917689,10
2,12.0,strict_4min_rate,0.34043126829559994,0.33959030719720174,-0.0008409610983981741,-0.004336816673322088,0.0026548944765257395,10
3,0.5,strict_4min_rate,0.3518117684784351,0.3888488055154722,0.037037037037037035,-0.048370523526080206,0.12244459760015428,9
3,1.0,strict_4min_rate,0.28738636363636366,0.28738636363636366,0.0,0.0,0.0,10
3,2.0,strict_4min_rate,0.21956458477110646,0.21956458477110646,0.0,0.0,0.0,10
3,4.0,strict_4min_rate,0.2098754498846036,0.2115703651388409,0.0016949152542372892,-0.0021392494284715345,0.005529079936946113,10
3,5.0,strict_4min_rate,0.20627583864688442,0.20806155293259865,0.0017857142857142904,-0.002253852076425372,0.005825280647853953,10
3,6.0,strict_4min_rate,0.18898588180237846,0.1905987850281849,0.00161290322580645,-0.0020357373593519416,0.005261543810964842,10
3,8.0,strict_4min_rate,0.1902539256645984,0.19291237636882375,0.0026584507042253596,-0.0013596633026075528,0.0066765647110582724,10
3,10.0,strict_4min_rate,0.24619430051476715,0.24833830418365038,0.002144003668883282,-0.001094056121116238,0.005382063458882802,10
3,11.0,strict_4min_rate,0.2471892094330123,0.25202042397423885,0.004831214541226506,0.0011695526593471063,0.008492876423105904,10
3,12.0,strict_4min_rate,0.2502016678998378,0.25203653028515893,0.001834862385321101,-0.0023158847023820274,0.005985609473024229,10
4,0.5,strict_4min_rate,0.5253086419753087,0.5253086419753087,0.0,0.0,0.0,9
4,1.0,strict_4min_rate,0.545795177045177,0.545795177045177,0.0,0.0,0.0,10
4,2.0,strict_4min_rate,0.35537875625518645,0.34485244046571273,-0.010526315789473684,-0.03433849645050741,0.013285864871560046,10
4,4.0,strict_4min_rate,0.3888364845686107,0.39063332370560333,0.0017968391369925952,-0.00876747943805525,0.012361157712040442,10
4,5.0,strict_4min_rate,0.3525857518545733,0.3525857518545733,0.0,0.0,0.0,10
4,6.0,strict_4min_rate,0.3339324473668327,0.3314204856443447,-0.002511961722488032,-0.010017661586246776,0.0049937381412707114,10
4,8.0,strict_4min_rate,0.3381756784692195,0.33541758082717754,-0.0027580976420418955,-0.02305960644470547,0.017543411160621677,10
4,10.0,strict_4min_rate,0.3920796136980862,0.39453369379444275,0.0024540800963565148,-0.0012470168759368665,0.006155177068649896,10
4,11.0,strict_4min_rate,0.4238885801290161,0.42493721671067847,0.0010486365816623933,-0.008905651037465566,0.011002924200790354,10
4,12.0,strict_4min_rate,0.3889183790750052,0.4021828037508053,0.013264424675800102,-0.0002887440966087909,0.026817593448208995,10
5,0.5,strict_4min_rate,0.49166666666666675,0.47777777777777786,-0.013888888888888888,-0.04591672410005786,0.01813894632228008,9
5,1.0,strict_4min_rate,0.5031364468864469,0.5031364468864469,0.0,0.0,0.0,10
5,2.0,strict_4min_rate,0.2993947426842164,0.2993947426842164,0.0,0.0,0.0,10
5,4.0,strict_4min_rate,0.34052546962129954,0.34052546962129954,0.0,0.0,0.0,10
5,5.0,strict_4min_rate,0.3309452370419116,0.3433945361239582,0.012449299082046544,-0.0019184617668687887,0.026817059930961874,10
5,6.0,strict_4min_rate,0.3184265226102849,0.32970943444453626,0.011282911834251392,-0.002164728310558136,0.02473055197906092,10
5,8.0,strict_4min_rate,0.31653527015853955,0.3179808144081102,0.0014455442495706823,-0.006374144194470936,0.0092652326936123,10
5,10.0,strict_4min_rate,0.3679401031821229,0.37668635700123515,0.008746253819112227,0.001280102941043592,0.01621240469718086,10
5,11.0,strict_4min_rate,0.38273790898216403,0.3853832905567892,0.002645381574625183,-0.007546844460306325,0.01283760760955669,10
5,12.0,strict_4min_rate,0.3865963614791129,0.38874689911352156,0.0021505376344086004,-0.0027143164791359224,0.007015391747953123,10
6,0.5,strict_4min_rate,0.5120370370370371,0.5120370370370371,0.0,0.0,0.0,9
6,1.0,strict_4min_rate,0.5107142857142858,0.5107142857142858,0.0,0.0,0.0,10
6,2.0,strict_4min_rate,0.3628375863902179,0.3683931419457735,0.005555555555555558,-0.007011984237767806,0.018123095348878925,10
6,4.0,strict_4min_rate,0.4314790240766816,0.44033855535000593,0.008859531273324372,-0.0015050957655641777,0.01922415831221292,10
6,5.0,strict_4min_rate,0.4363041434431064,0.4424265924226982,0.006122448979591832,-0.007727492833458393,0.019972390792642056,10
6,6.0,strict_4min_rate,0.41616434661638946,0.42079397624601916,0.004629629629629628,-0.002524757121004957,0.011784016380264212,10
6,8.0,strict_4min_rate,0.38442245571404626,0.37870529799423885,-0.005717157719807397,-0.02320564421986152,0.011771328780246722,10
6,10.0,strict_4min_rate,0.45311231916283135,0.46141658630214816,0.008304267139316757,-0.0009065575279809564,0.01751509180661447,10
6,11.0,strict_4min_rate,0.46680891883597475,0.4672016376660551,0.0003927188300803408,-0.007861218984829721,0.008646656644990404,10
6,12.0,strict_4min_rate,0.476947397763763,0.4780172324606111,0.0010698346968481432,-0.0032697071845706168,0.005409376578266903,10
7,0.5,strict_4min_rate,0.2495189995189995,0.2495189995189995,0.0,0.0,0.0,9
7,1.0,strict_4min_rate,0.18851827094474152,0.18018493761140822,-0.008333333333333331,-0.027184643023318363,0.0105179763566517,10
7,2.0,strict_4min_rate,0.1269666907166907,0.12637145262145258,-0.0005952380952381015,-0.013673381127339613,0.01248290493686341,10
7,4.0,strict_4min_rate,0.1460252239503794,0.14186593967254724,-0.004159284277832191,-0.014496265411612988,0.006177696855948604,10
7,5.0,strict_4min_rate,0.14998139344531386,0.14998139344531386,0.0,0.0,0.0,10
7,6.0,strict_4min_rate,0.13520860193481257,0.13151371465597955,-0.0036948872788330105,-0.018236426916433526,0.010846652358767507,10
7,8.0,strict_4min_rate,0.12353816076095647,0.12129470417599593,-0.002243456584960539,-0.010787534371081597,0.006300621201160519,10
7,10.0,strict_4min_rate,0.15592651096221474,0.1549745330439841,-0.0009519779182306689,-0.010685532691246011,0.008781576854784675,10
7,11.0,strict_4min_rate,0.16662410952225623,0.16833230071767868,0.0017081911954224607,-0.006031342062652725,0.009447724453497647,10
7,12.0,strict_4min_rate,0.16412227580716793,0.16411895193062637,-3.323876541561077e-06,-0.006067355755834596,0.006060708002751474,10
8,0.5,strict_4min_rate,0.2293290043290043,0.2293290043290043,0.0,0.0,0.0,10
8,1.0,strict_4min_rate,0.21268345216874626,0.21268345216874626,0.0,0.0,0.0,10
8,2.0,strict_4min_rate,0.16916566990937695,0.16916566990937695,0.0,0.0,0.0,10
8,4.0,strict_4min_rate,0.1476034982642976,0.1476034982642976,0.0,0.0,0.0,10
8,5.0,strict_4min_rate,0.14459664816895734,0.14459664816895734,0.0,0.0,0.0,10
8,6.0,strict_4min_rate,0.13089086788438242,0.12913648191947014,-0.0017543859649122805,-0.005723082741751236,0.0022143108119266753,10
8,8.0,strict_4min_rate,0.13317981608048637,0.12873537163604193,-0.0044444444444444505,-0.01449847627910315,0.005609587390214249,10
8,10.0,strict_4min_rate,0.16970765941354174,0.17051927460015692,0.0008116151866151916,-0.003133923443780734,0.004757153817011118,10
8,11.0,strict_4min_rate,0.1836044152642898,0.17768989874632504,-0.0059145165179647794,-0.01779218582977741,0.0059631527938478505,10
8,12.0,strict_4min_rate,0.17242704152646177,0.17242704152646177,0.0,0.0,0.0,10
9,0.5,strict_4min_rate,0.36388888888888893,0.36388888888888893,0.0,0.0,0.0,9
9,1.0,strict_4min_rate,0.3721840659340659,0.3578983516483516,-0.01428571428571429,-0.046602245182831514,0.018030816611402933,10
9,2.0,strict_4min_rate,0.22018500505342606,0.22544816294816292,0.00526315789473685,-0.006642932435780036,0.017169248225253737,10
9,4.0,strict_4min_rate,0.2518843457715962,0.2518843457715962,0.0,0.0,0.0,10
9,5.0,strict_4min_rate,0.26979213297102145,0.26979213297102145,0.0,0.0,0.0,10
9,6.0,strict_4min_rate,0.2389085902901597,0.24304499673219576,0.004136406442036047,-0.008265571268655441,0.016538384152727535,10
9,8.0,strict_4min_rate,0.24966928342866543,0.24966928342866543,0.0,0.0,0.0,10
9,10.0,strict_4min_rate,0.2984569330849995,0.2984569330849995,0.0,0.0,0.0,10
9,11.0,strict_4min_rate,0.31655800515736465,0.31776880068839175,0.0012107955310270645,-0.0032674048420191725,0.005688995904073301,10
9,12.0,strict_4min_rate,0.3035587459420418,0.30342090133051297,-0.0001378446115288201,-0.003925685275820494,0.003649996052762854,10
10,0.5,strict_4min_rate,0.4740740740740741,0.4740740740740741,0.0,0.0,0.0,9
10,1.0,strict_4min_rate,0.46108058608058605,0.46108058608058605,0.0,0.0,0.0,10
10,2.0,strict_4min_rate,0.3174584076054664,0.3174584076054664,0.0,0.0,0.0,10
10,4.0,strict_4min_rate,0.3568913980996003,0.3544523737093564,-0.002439024390243899,-0.00795648088487366,0.0030784321043858622,10
10,5.0,strict_4min_rate,0.34731262952166964,0.3501849699472015,0.0028723404255319106,-0.009902540266700463,0.015647221117764284,10
10,6.0,strict_4min_rate,0.3389485931592598,0.3332882158007692,-0.005660377358490565,-0.01846504054414078,0.00714428582715965,10
10,8.0,strict_4min_rate,0.3284392417069678,0.3284392417069678,0.0,0.0,0.0,10
10,10.0,strict_4min_rate,0.37250129497873247,0.36966084372973973,-0.002840451248992748,-0.007127514690205395,0.0014466121922198988,10
10,11.0,strict_4min_rate,0.3881462304341595,0.38933518232733666,0.001188951893177237,-0.0057993170335633925,0.008177220819917867,10
10,12.0,strict_4min_rate,0.38308931169041394,0.38749473277357593,0.004405421083161942,-0.001130994196034591,0.009941836362358476,10
1,0.5,max_incident_queue,1.6,1.6,0.0,0.0,0.0,10
1,1.0,max_incident_queue,2.9,2.9,0.0,0.0,0.0,10
1,2.0,max_incident_queue,3.5,3.5,0.0,0.0,0.0,10
1,4.0,max_incident_queue,7.3,7.3,0.0,0.0,0.0,10
1,5.0,max_incident_queue,10.2,10.2,0.0,0.0,0.0,10
1,6.0,max_incident_queue,14.7,14.7,0.0,0.0,0.0,10
1,8.0,max_incident_queue,27.0,27.0,0.0,0.0,0.0,10
1,10.0,max_incident_queue,25.0,25.0,0.0,0.0,0.0,10
1,11.0,max_incident_queue,26.8,26.8,0.0,0.0,0.0,10
1,12.0,max_incident_queue,34.9,34.9,0.0,0.0,0.0,10
2,0.5,max_incident_queue,1.5,1.5,0.0,0.0,0.0,10
2,1.0,max_incident_queue,1.6,1.6,0.0,0.0,0.0,10
2,2.0,max_incident_queue,1.9,1.9,0.0,0.0,0.0,10
2,4.0,max_incident_queue,3.1,3.1,0.0,0.0,0.0,10
2,5.0,max_incident_queue,3.4,3.4,0.0,0.0,0.0,10
2,6.0,max_incident_queue,3.7,3.7,0.0,0.0,0.0,10
2,8.0,max_incident_queue,8.8,8.9,0.1,-0.12621571627982048,0.3262157162798205,10
2,10.0,max_incident_queue,5.4,5.5,0.1,-0.12621571627982048,0.3262157162798205,10
2,11.0,max_incident_queue,5.5,5.5,0.0,-0.33722247945365624,0.33722247945365624,10
2,12.0,max_incident_queue,8.1,8.2,0.1,-0.12621571627982048,0.3262157162798205,10
3,0.5,max_incident_queue,1.5,1.5,0.0,0.0,0.0,10
3,1.0,max_incident_queue,1.8,1.8,0.0,0.0,0.0,10
3,2.0,max_incident_queue,2.4,2.4,0.0,0.0,0.0,10
3,4.0,max_incident_queue,3.9,3.9,0.0,0.0,0.0,10
3,5.0,max_incident_queue,4.6,4.6,0.0,0.0,0.0,10
3,6.0,max_incident_queue,5.9,5.9,0.0,0.0,0.0,10
3,8.0,max_incident_queue,12.4,12.4,0.0,0.0,0.0,10
3,10.0,max_incident_queue,9.6,9.6,0.0,0.0,0.0,10
3,11.0,max_incident_queue,9.4,9.4,0.0,0.0,0.0,10
3,12.0,max_incident_queue,13.2,13.1,-0.1,-0.3262157162798205,0.12621571627982048,10
4,0.5,max_incident_queue,1.2,1.2,0.0,0.0,0.0,10
4,1.0,max_incident_queue,1.5,1.5,0.0,0.0,0.0,10
4,2.0,max_incident_queue,1.6,1.6,0.0,0.0,0.0,10
4,4.0,max_incident_queue,2.0,2.0,0.0,0.0,0.0,10
4,5.0,max_incident_queue,2.4,2.4,0.0,0.0,0.0,10
4,6.0,max_incident_queue,2.5,2.5,0.0,0.0,0.0,10
4,8.0,max_incident_queue,4.5,4.4,-0.1,-0.3262157162798205,0.12621571627982048,10
4,10.0,max_incident_queue,2.6,2.6,0.0,0.0,0.0,10
4,11.0,max_incident_queue,3.2,3.1,-0.1,-0.3262157162798205,0.12621571627982048,10
4,12.0,max_incident_queue,3.5,3.4,-0.1,-0.3262157162798205,0.12621571627982048,10
5,0.5,max_incident_queue,1.2,1.2,0.0,0.0,0.0,10
5,1.0,max_incident_queue,1.5,1.5,0.0,0.0,0.0,10
5,2.0,max_incident_queue,1.3,1.3,0.0,0.0,0.0,10
5,4.0,max_incident_queue,1.6,1.7,0.1,-0.12621571627982048,0.3262157162798205,10
5,5.0,max_incident_queue,1.7,1.7,0.0,0.0,0.0,10
5,6.0,max_incident_queue,2.0,2.0,0.0,0.0,0.0,10
5,8.0,max_incident_queue,3.2,3.3,0.1,-0.12621571627982048,0.3262157162798205,10
5,10.0,max_incident_queue,1.8,1.8,0.0,0.0,0.0,10
5,11.0,max_incident_queue,2.3,2.2,-0.1,-0.3262157162798205,0.12621571627982048,10
5,12.0,max_incident_queue,2.4,2.4,0.0,0.0,0.0,10
6,0.5,max_incident_queue,1.0,1.0,0.0,0.0,0.0,10
6,1.0,max_incident_queue,1.2,1.2,0.0,0.0,0.0,10
6,2.0,max_incident_queue,1.3,1.3,0.0,0.0,0.0,10
6,4.0,max_incident_queue,1.6,1.6,0.0,0.0,0.0,10
6,5.0,max_incident_queue,1.6,1.6,0.0,0.0,0.0,10
6,6.0,max_incident_queue,1.6,1.6,0.0,0.0,0.0,10
6,8.0,max_incident_queue,2.5,2.5,0.0,0.0,0.0,10
6,10.0,max_incident_queue,1.3,1.3,0.0,0.0,0.0,10
6,11.0,max_incident_queue,1.6,1.6,0.0,0.0,0.0,10
6,12.0,max_incident_queue,1.6,1.6,0.0,0.0,0.0,10
7,0.5,max_incident_queue,1.5,1.5,0.0,0.0,0.0,10
7,1.0,max_incident_queue,2.1,2.1,0.0,0.0,0.0,10
7,2.0,max_incident_queue,2.8,2.8,0.0,0.0,0.0,10
7,4.0,max_incident_queue,4.3,4.4,0.1,-0.12621571627982048,0.3262157162798205,10
7,5.0,max_incident_queue,5.6,5.5,-0.1,-0.3262157162798205,0.12621571627982048,10
7,6.0,max_incident_queue,7.3,7.2,-0.1,-0.3262157162798205,0.12621571627982048,10
7,8.0,max_incident_queue,15.1,15.1,0.0,0.0,0.0,10
7,10.0,max_incident_queue,11.8,11.5,-0.3,-0.6455502144136438,0.045550214413643764,10
7,11.0,max_incident_queue,12.4,12.1,-0.3,-0.7828291119331836,0.18282911193318369,10
7,12.0,max_incident_queue,17.1,17.0,-0.1,-0.3262157162798205,0.12621571627982048,10
8,0.5,max_incident_queue,1.6,1.6,0.0,0.0,0.0,10
8,1.0,max_incident_queue,2.2,2.2,0.0,0.0,0.0,10
8,2.0,max_incident_queue,2.9,2.9,0.0,0.0,0.0,10
8,4.0,max_incident_queue,4.9,4.9,0.0,0.0,0.0,10
8,5.0,max_incident_queue,5.8,5.8,0.0,0.0,0.0,10
8,6.0,max_incident_queue,8.6,8.6,0.0,0.0,0.0,10
8,8.0,max_incident_queue,18.7,18.7,0.0,0.0,0.0,10
8,10.0,max_incident_queue,16.2,16.2,0.0,-0.33722247945365624,0.33722247945365624,10
8,11.0,max_incident_queue,16.5,16.3,-0.2,-0.7642811372151657,0.3642811372151657,10
8,12.0,max_incident_queue,22.6,22.6,0.0,0.0,0.0,10
9,0.5,max_incident_queue,1.2,1.2,0.0,0.0,0.0,10
9,1.0,max_incident_queue,1.5,1.5,0.0,0.0,0.0,10
9,2.0,max_incident_queue,1.4,1.4,0.0,0.0,0.0,10
9,4.0,max_incident_queue,1.9,1.9,0.0,0.0,0.0,10
9,5.0,max_incident_queue,1.9,1.9,0.0,0.0,0.0,10
9,6.0,max_incident_queue,2.3,2.3,0.0,0.0,0.0,10
9,8.0,max_incident_queue,4.2,4.1,-0.1,-0.3262157162798205,0.12621571627982048,10
9,10.0,max_incident_queue,2.1,2.1,0.0,0.0,0.0,10
9,11.0,max_incident_queue,2.5,2.5,0.0,-0.33722247945365624,0.33722247945365624,10
9,12.0,max_incident_queue,3.3,3.3,0.0,0.0,0.0,10
10,0.5,max_incident_queue,1.0,1.0,0.0,0.0,0.0,10
10,1.0,max_incident_queue,1.2,1.2,0.0,0.0,0.0,10
10,2.0,max_incident_queue,1.3,1.3,0.0,0.0,0.0,10
10,4.0,max_incident_queue,1.4,1.4,0.0,0.0,0.0,10
10,5.0,max_incident_queue,1.4,1.4,0.0,0.0,0.0,10
10,6.0,max_incident_queue,1.3,1.3,0.0,0.0,0.0,10
10,8.0,max_incident_queue,1.9,1.9,0.0,0.0,0.0,10
10,10.0,max_incident_queue,1.2,1.2,0.0,0.0,0.0,10
10,11.0,max_incident_queue,1.2,1.2,0.0,0.0,0.0,10
10,12.0,max_incident_queue,1.4,1.4,0.0,0.0,0.0,10
