metric,duration_hours,mean_difference_B_E_minus_B_N,ci95_low,ci95_high,replications,incident_zone_scenarios,sampled_node
incident_zone_mean_response_min,0.5,-0.02128748643752232,-0.16542716292831944,0.1228521900532748,10,10,True
incident_zone_mean_response_min,0.5991379310344828,-0.019391732292345584,-0.1258233952614453,0.08703993067675411,10,10,False
incident_zone_mean_response_min,0.6982758620689655,-0.017567875251714004,-0.09856704336519416,0.06343129286176614,10,10,False
incident_zone_mean_response_min,0.7974137931034483,-0.016305635821007924,-0.09267167531187137,0.06006040366985552,10,10,False
incident_zone_mean_response_min,0.896551724137931,-0.016094734505607677,-0.10061710653217111,0.06842763752095575,10,10,False
incident_zone_mean_response_min,0.9956896551724138,-0.017424891810893607,-0.10715036154732058,0.07230057792553335,10,10,False
incident_zone_mean_response_min,1.0,-0.017525249569487932,-0.10724818635204889,0.07219768721307301,10,10,True
incident_zone_mean_response_min,1.0948275862068966,-0.0202008280050389,-0.10808165533552828,0.06767999932545048,10,10,False
incident_zone_mean_response_min,1.1939655172413794,-0.02375653366155736,-0.10700218465470068,0.05948911733158596,10,10,False
incident_zone_mean_response_min,1.293103448275862,-0.027854793086530917,-0.10475275073084014,0.04904316455777832,10,10,False
incident_zone_mean_response_min,1.3922413793103448,-0.03225937054454496,-0.10234043123438635,0.03782169014529643,10,10,False
incident_zone_mean_response_min,1.4913793103448276,-0.036734030300184906,-0.10083394914482963,0.027365888544459815,10,10,False
incident_zone_mean_response_min,1.5905172413793105,-0.04104253661803611,-0.10109664373265226,0.01901157049658004,10,10,False
incident_zone_mean_response_min,1.6896551724137931,-0.04494865376268398,-0.10334532520699971,0.013448017681631758,10,10,False
incident_zone_mean_response_min,1.7887931034482758,-0.04821614599871389,-0.10685683471974945,0.01042454272232167,10,10,False
incident_zone_mean_response_min,1.8879310344827587,-0.05060877759071127,-0.11020833086822077,0.008990775686798229,10,10,False
incident_zone_mean_response_min,1.9870689655172415,-0.05189031280326151,-0.11187908046892414,0.008098454862401135,10,10,False
incident_zone_mean_response_min,2.0,-0.05196318703409029,-0.11190942763542959,0.007983053567249015,10,10,True
incident_zone_mean_response_min,2.086206896551724,-0.05220545707042847,-0.11154862370075372,0.007137709559896767,10,10,False
incident_zone_mean_response_min,2.185344827586207,-0.052095837751290355,-0.1102106290900271,0.006018953587446391,10,10,False
incident_zone_mean_response_min,2.2844827586206895,-0.051607301827469795,-0.10801954732549768,0.004804943670558087,10,10,False
incident_zone_mean_response_min,2.3836206896551726,-0.05077790286221191,-0.10514312379790475,0.003587318073480915,10,10,False
incident_zone_mean_response_min,2.4827586206896552,-0.04964569441876179,-0.10177427888209457,0.0024828900445709873,10,10,False
incident_zone_mean_response_min,2.581896551724138,-0.048248730060364564,-0.09812814464730936,0.0016306845265802311,10,10,False
incident_zone_mean_response_min,2.681034482758621,-0.04662506335026532,-0.09443631251348888,0.0011861858129582417,10,10,False
incident_zone_mean_response_min,2.7801724137931036,-0.044812747851709175,-0.09093469725047013,0.0013092015470517818,10,10,False
incident_zone_mean_response_min,2.8793103448275863,-0.04284983712794124,-0.08784214711462632,0.0021424728587438324,10,10,False
incident_zone_mean_response_min,2.978448275862069,-0.04077438474220661,-0.08533106436917183,0.003782294884758605,10,10,False
incident_zone_mean_response_min,3.0775862068965516,-0.03862444425775041,-0.08349869335840233,0.00624980484290151,10,10,False
incident_zone_mean_response_min,3.1767241379310347,-0.03643806923781773,-0.08235256252932448,0.009476424053689023,10,10,False
incident_zone_mean_response_min,3.2758620689655173,-0.03425331324565367,-0.08181830717573536,0.01331168068442802,10,10,False
incident_zone_mean_response_min,3.375,-0.032108229844503365,-0.08176513024271329,0.017548670553706548,10,10,False
incident_zone_mean_response_min,3.474137931034483,-0.03004087259761189,-0.08203576719615749,0.02195402200093371,10,10,False
incident_zone_mean_response_min,3.5732758620689657,-0.028089295068224385,-0.08247022792899865,0.02629163779254988,10,10,False
incident_zone_mean_response_min,3.6724137931034484,-0.02629155081958594,-0.08292002553118226,0.030336923892010374,10,10,False
incident_zone_mean_response_min,3.771551724137931,-0.024685693414941656,-0.08325485530418524,0.03388346847430192,10,10,False
incident_zone_mean_response_min,3.8706896551724137,-0.02330977641753665,-0.08336517441224167,0.03674562157716837,10,10,False
incident_zone_mean_response_min,3.969827586206897,-0.022201853390616023,-0.0831636398718294,0.038759933090597345,10,10,False
incident_zone_mean_response_min,4.0,-0.02192365464235042,-0.08303012314980535,0.03918281386510451,10,10,True
incident_zone_mean_response_min,4.068965517241379,-0.02252644977542356,-0.08344467175996886,0.03839177220912175,10,10,False
incident_zone_mean_response_min,4.168103448275862,-0.027114561943312614,-0.0871779994848842,0.03294887559825896,10,10,False
incident_zone_mean_response_min,4.267241379310345,-0.035150518346495005,-0.09618742593592397,0.025886389242933967,10,10,False
incident_zone_mean_response_min,4.366379310344827,-0.045586266445819375,-0.11200498995598301,0.02083245706434427,10,10,False
incident_zone_mean_response_min,4.4655172413793105,-0.0573737537021347,-0.13418168019642138,0.019434172792151982,10,10,False
incident_zone_mean_response_min,4.564655172413794,-0.06946492757628966,-0.1601585638425665,0.021228708689987164,10,10,False
incident_zone_mean_response_min,4.663793103448276,-0.08081173552913296,-0.1865823043552578,0.024958833296991875,10,10,False
incident_zone_mean_response_min,4.762931034482759,-0.09036612502151348,-0.2101723000160567,0.029440049973029722,10,10,False
incident_zone_mean_response_min,4.862068965517242,-0.09708004351427996,-0.2279011564183374,0.03374106938977747,10,10,False
incident_zone_mean_response_min,4.961206896551724,-0.09990543846828115,-0.23695263623758359,0.03714175930102129,10,10,False
incident_zone_mean_response_min,5.0,-0.09972511930268979,-0.23755228691741245,0.03810204831203287,10,10,True
incident_zone_mean_response_min,5.060344827586207,-0.09818053051888731,-0.235151214232235,0.038790153194460386,10,10,False
incident_zone_mean_response_min,5.1594827586206895,-0.09316626428876737,-0.22393862492578348,0.03760609634824874,10,10,False
incident_zone_mean_response_min,5.258620689655173,-0.085713477945813,-0.20579336414068022,0.03436640824905425,10,10,False
incident_zone_mean_response_min,5.357758620689656,-0.07655892431928857,-0.18327664759942508,0.030158798960847957,10,10,False
incident_zone_mean_response_min,5.456896551724138,-0.06643935623845856,-0.15912639824649735,0.026247685769580226,10,10,False
incident_zone_mean_response_min,5.556034482758621,-0.05609152653258716,-0.13621728638171926,0.024034233316544945,10,10,False
incident_zone_mean_response_min,5.655172413793103,-0.04625218803093885,-0.11723604417943118,0.02473166811755348,10,10,False
incident_zone_mean_response_min,5.754310344827586,-0.0376580935627779,-0.10383559276811298,0.028519405642557186,10,10,False
incident_zone_mean_response_min,5.853448275862069,-0.031045995957368715,-0.09582547621316861,0.03373348429843118,10,10,False
incident_zone_mean_response_min,5.952586206896552,-0.027152648043975693,-0.09167441342499924,0.03736911733704786,10,10,False
incident_zone_mean_response_min,6.0,-0.026466828509144058,-0.09062821544361938,0.03769455842533126,10,10,True
incident_zone_mean_response_min,6.051724137931035,-0.02643656830819493,-0.08984895995455366,0.0369758233381638,10,10,False
incident_zone_mean_response_min,6.150862068965518,-0.027746034951612097,-0.08875872849408559,0.03326665859086139,10,10,False
incident_zone_mean_response_min,6.25,-0.03069613556375698,-0.08827849267727392,0.026886221549759958,10,10,False
incident_zone_mean_response_min,6.349137931034483,-0.03510056274354463,-0.0886497054209919,0.018448579933902642,10,10,False
incident_zone_mean_response_min,6.448275862068966,-0.040773009089889976,-0.09030900334238734,0.008762985162607394,10,10,False
incident_zone_mean_response_min,6.547413793103448,-0.04752716720170795,-0.09391375768529404,-0.001140576718121858,10,10,False
incident_zone_mean_response_min,6.6465517241379315,-0.055176729677913636,-0.10026160012373728,-0.010091859232090002,10,10,False
incident_zone_mean_response_min,6.745689655172414,-0.06353538911742189,-0.10997571573608836,-0.017095062498755427,10,10,False
incident_zone_mean_response_min,6.844827586206897,-0.07241683811914787,-0.12309312481059632,-0.021740551427699414,10,10,False
incident_zone_mean_response_min,6.94396551724138,-0.08163476928200639,-0.13900744333387124,-0.024262095230141528,10,10,False
incident_zone_mean_response_min,7.043103448275862,-0.09100287520491246,-0.15680896974079295,-0.02519678066903197,10,10,False
incident_zone_mean_response_min,7.142241379310345,-0.10033484848678113,-0.17559925129479048,-0.025070445678771786,10,10,False
incident_zone_mean_response_min,7.241379310344827,-0.10944438172652726,-0.19460087083460126,-0.024287892618453252,10,10,False
incident_zone_mean_response_min,7.3405172413793105,-0.11814516752306599,-0.21315160658980475,-0.023138728456327223,10,10,False
incident_zone_mean_response_min,7.439655172413794,-0.1262508984753122,-0.23067155102330816,-0.021830245927316264,10,10,False
incident_zone_mean_response_min,7.538793103448276,-0.13357526718218082,-0.24663465569499327,-0.020515878669368395,10,10,False
incident_zone_mean_response_min,7.637931034482759,-0.13993196624258694,-0.2605494240236801,-0.01931450846149381,10,10,False
incident_zone_mean_response_min,7.737068965517242,-0.14513468825544548,-0.2719467482331396,-0.018322628277751357,10,10,False
incident_zone_mean_response_min,7.836206896551724,-0.14899712581967145,-0.28037242329202583,-0.017621828347317098,10,10,False
incident_zone_mean_response_min,7.935344827586207,-0.1513329715341797,-0.2853826046623038,-0.017283338406055587,10,10,False
incident_zone_mean_response_min,8.0,-0.15194515816855442,-0.28660201736484225,-0.017288298972266553,10,10,True
incident_zone_mean_response_min,8.03448275862069,-0.15201174577645793,-0.2866760227615206,-0.01734746879139526,10,10,False
incident_zone_mean_response_min,8.133620689655173,-0.15160247133461585,-0.285636322269748,-0.017568620399483703,10,10,False
incident_zone_mean_response_min,8.232758620689655,-0.15037448896851432,-0.282907925442748,-0.01784105249428064,10,10,False
incident_zone_mean_response_min,8.331896551724139,-0.1484206597279962,-0.2787143827242228,-0.018126936731769655,10,10,False
incident_zone_mean_response_min,8.431034482758621,-0.14583384466290444,-0.2732853423613221,-0.018382346964486762,10,10,False
incident_zone_mean_response_min,8.530172413793103,-0.14270690482308193,-0.2668547400669069,-0.018559069579256987,10,10,False
incident_zone_mean_response_min,8.629310344827587,-0.13913270125837154,-0.25965889591214636,-0.01860650660459673,10,10,False
incident_zone_mean_response_min,8.72844827586207,-0.13520409501861624,-0.25193418247917365,-0.018474007558058864,10,10,False
incident_zone_mean_response_min,8.827586206896552,-0.13101394715365897,-0.24391396150550393,-0.01811393280181399,10,10,False
incident_zone_mean_response_min,8.926724137931036,-0.1266551187133425,-0.2358245542702514,-0.017485683156433618,10,10,False
incident_zone_mean_response_min,9.025862068965518,-0.12222047074750993,-0.2278801655117489,-0.01656077598327095,10,10,False
incident_zone_mean_response_min,9.125,-0.11780286430600409,-0.2202769632218054,-0.015328765390202781,10,10,False
incident_zone_mean_response_min,9.224137931034484,-0.11349516043866778,-0.21318692419679147,-0.013803396680544075,10,10,False
incident_zone_mean_response_min,9.323275862068966,-0.1093902201953441,-0.2067524980765322,-0.012027942314155993,10,10,False
incident_zone_mean_response_min,9.422413793103448,-0.10558090462587585,-0.20108343530942208,-0.010078373942329633,10,10,False
incident_zone_mean_response_min,9.52155172413793,-0.10216007478010598,-0.1962570590267434,-0.008063090533468584,10,10,False
incident_zone_mean_response_min,9.620689655172415,-0.09922059170787731,-0.19232275632340023,-0.006118427092354398,10,10,False
incident_zone_mean_response_min,9.719827586206897,-0.0968553164590329,-0.18931068380485977,-0.004399949113206042,10,10,False
incident_zone_mean_response_min,9.818965517241379,-0.09515711008341557,-0.1872439769280435,-0.003070243238787615,10,10,False
incident_zone_mean_response_min,9.918103448275863,-0.09421883363086822,-0.18615343617571836,-0.0022842310860180792,10,10,False
incident_zone_mean_response_min,10.0,-0.09408289577070157,-0.1860265747373509,-0.002139216804052227,10,10,True
incident_zone_mean_response_min,10.017241379310345,-0.09421227355325983,-0.18615960668580972,-0.002264940420709932,10,10,False
incident_zone_mean_response_min,10.116379310344827,-0.09827758324125782,-0.19000121101922635,-0.006553955463289296,10,10,False
incident_zone_mean_response_min,10.215517241379311,-0.1070845758738456,-0.1991289764627434,-0.015040175284947763,10,10,False
incident_zone_mean_response_min,10.314655172413794,-0.11936782300409285,-0.2139592997310226,-0.024776346277163103,10,10,False
incident_zone_mean_response_min,10.413793103448276,-0.13386189618506966,-0.2344594086080321,-0.033264383762107205,10,10,False
incident_zone_mean_response_min,10.51293103448276,-0.14930136696984625,-0.25939665197508255,-0.039206081964609965,10,10,False
incident_zone_mean_response_min,10.612068965517242,-0.16442080691149202,-0.28635369627698537,-0.04248791754599868,10,10,False
incident_zone_mean_response_min,10.711206896551724,-0.17795478756307717,-0.31227258438048244,-0.0436369907456719,10,10,False
incident_zone_mean_response_min,10.810344827586206,-0.18863788047767174,-0.33394487518039573,-0.04333088577494776,10,10,False
incident_zone_mean_response_min,10.90948275862069,-0.19520465720834562,-0.3482457860037319,-0.04216352841295937,10,10,False
incident_zone_mean_response_min,11.0,-0.19653231860518047,-0.3523496183532617,-0.04071501885709927,10,10,True
incident_zone_mean_response_min,11.008620689655173,-0.19640461269226944,-0.3522412209396907,-0.04056800444484823,10,10,False
incident_zone_mean_response_min,11.107758620689655,-0.19352143591792392,-0.3480346036206352,-0.03900826821521264,10,10,False
incident_zone_mean_response_min,11.206896551724139,-0.18808115099218808,-0.3384893856881863,-0.03767291629618988,10,10,False
incident_zone_mean_response_min,11.306034482758621,-0.18014942290961114,-0.32379681581320585,-0.036502030006016456,10,10,False
incident_zone_mean_response_min,11.405172413793103,-0.16979191666474228,-0.30420149411623065,-0.03538233921325387,10,10,False
incident_zone_mean_response_min,11.504310344827587,-0.1570742972521304,-0.2800266669197998,-0.03412192758446096,10,10,False
incident_zone_mean_response_min,11.60344827586207,-0.14206222966632506,-0.25173543385872216,-0.032389025473927954,10,10,False
incident_zone_mean_response_min,11.702586206896552,-0.12482137890187531,-0.2200701182171093,-0.02957263958664129,10,10,False
incident_zone_mean_response_min,11.801724137931036,-0.10541740995332986,-0.1863679347931281,-0.024466885113531622,10,10,False
incident_zone_mean_response_min,11.900862068965518,-0.08391598781523861,-0.15319670947957104,-0.014635266150906198,10,10,False
incident_zone_mean_response_min,12.0,-0.060382777482150374,-0.12492644429526277,0.004160889330962023,10,10,True
nonincident_zone_mean_response_min,0.5,0.01813169155066152,-0.05396169403083388,0.09022507713215693,9,10,True
nonincident_zone_mean_response_min,0.5991379310344828,0.02409967191357358,-0.02595834590430568,0.07415768973145284,9,10,False
nonincident_zone_mean_response_min,0.6982758620689655,0.029238339171094627,-0.003382790694605342,0.061859469036794595,9,10,False
nonincident_zone_mean_response_min,0.7974137931034483,0.033203422051916176,0.006117374982639191,0.060289469121193165,9,10,False
nonincident_zone_mean_response_min,0.896551724137931,0.03565064928472976,0.004103285715853763,0.06719801285360576,9,10,False
nonincident_zone_mean_response_min,0.9956896551724138,0.036235749598226924,0.001627059345406509,0.07084443985104734,9,10,False
nonincident_zone_mean_response_min,1.0,0.036213628125152435,0.001614637363488075,0.0708126188868168,9,10,True
nonincident_zone_mean_response_min,1.0948275862068966,0.03460753964794087,0.0012972897829528346,0.0679177895129289,9,10,False
nonincident_zone_mean_response_min,1.1939655172413794,0.030962704076783643,0.0006178329106606151,0.06130757524290667,9,10,False
nonincident_zone_mean_response_min,1.293103448275862,0.025817410703099706,-0.0006222104859057581,0.05225703189210517,9,10,False
nonincident_zone_mean_response_min,1.3922413793103448,0.01968811280613396,-0.002918617543220252,0.04229484315548817,9,10,False
nonincident_zone_mean_response_min,1.4913793103448276,0.01309126366513131,-0.00706626668073734,0.03324879401099996,9,10,False
nonincident_zone_mean_response_min,1.5905172413793105,0.00654331655933668,-0.013621043565967996,0.026707676684641357,9,10,False
nonincident_zone_mean_response_min,1.6896551724137931,0.0005607247679949933,-0.021841918125624308,0.022963367661614293,9,10,False
nonincident_zone_mean_response_min,1.7887931034482758,-0.00434005842964885,-0.029888059128446123,0.02120794226914842,9,10,False
nonincident_zone_mean_response_min,1.8879310344827587,-0.007642579754349944,-0.03590704610702919,0.020621886598329305,9,10,False
nonincident_zone_mean_response_min,1.9870689655172415,-0.008830385926863372,-0.0384039939683172,0.020743222114590454,9,10,False
nonincident_zone_mean_response_min,2.0,-0.008802373118889959,-0.03840472065344612,0.020799974415666198,9,10,True
nonincident_zone_mean_response_min,2.086206896551724,-0.008082904837260343,-0.03770692866762368,0.02154111899310299,9,10,False
nonincident_zone_mean_response_min,2.185344827586207,-0.006375368663457103,-0.03599884623356436,0.02324810890665016,9,10,False
nonincident_zone_mean_response_min,2.2844827586206895,-0.0038276882089965983,-0.03362076416725451,0.02596538774926132,9,10,False
nonincident_zone_mean_response_min,2.3836206896551726,-0.0005458819940215467,-0.030914783430938297,0.029823019442895202,9,10,False
nonincident_zone_mean_response_min,2.4827586206896552,0.00336403146132527,-0.02820300307359459,0.03493106599624513,9,10,False
nonincident_zone_mean_response_min,2.581896551724138,0.007796033636901126,-0.02573374066037491,0.04132580793417716,9,10,False
nonincident_zone_mean_response_min,2.681034482758621,0.0126441060125633,-0.02364997987138287,0.04893819189650947,9,10,False
nonincident_zone_mean_response_min,2.7801724137931036,0.017802230068168987,-0.02199513992352268,0.05759960005986065,9,10,False
nonincident_zone_mean_response_min,2.8793103448275863,0.02316438728357549,-0.020745250897316964,0.06707402546446795,9,10,False
nonincident_zone_mean_response_min,2.978448275862069,0.02862455913864007,-0.019844393426985203,0.07709351170426534,9,10,False
nonincident_zone_mean_response_min,3.0775862068965516,0.034076727113219955,-0.019229274769628185,0.0873827289960681,9,10,False
nonincident_zone_mean_response_min,3.1767241379310347,0.039414872687172434,-0.01884156019298635,0.09767130556733122,9,10,False
nonincident_zone_mean_response_min,3.2758620689655173,0.04453297734035473,-0.018632111481539718,0.10769806616224918,9,10,False
nonincident_zone_mean_response_min,3.375,0.0493250225526241,-0.01856122929029517,0.11721127439554338,9,10,False
nonincident_zone_mean_response_min,3.474137931034483,0.05368498980383785,-0.01859739182577403,0.12596737143344974,9,10,False
nonincident_zone_mean_response_min,3.5732758620689657,0.05750686057385315,-0.018715680901079487,0.1337294020487858,9,10,False
nonincident_zone_mean_response_min,3.6724137931034484,0.060684616342527344,-0.018896362304026824,0.1402655949890815,9,10,False
nonincident_zone_mean_response_min,3.771551724137931,0.06311223858971762,-0.01912375592104755,0.14534823310048278,9,10,False
nonincident_zone_mean_response_min,3.8706896551724137,0.06468370879528126,-0.01938540377519922,0.14875282136576173,9,10,False
nonincident_zone_mean_response_min,3.969827586206897,0.06529300843907554,-0.019671510794449024,0.1502575276726001,9,10,False
nonincident_zone_mean_response_min,4.0,0.06527130467639225,-0.01976224762617522,0.15030485697895973,9,10,True
nonincident_zone_mean_response_min,4.068965517241379,0.06407832052013657,-0.01985179456852837,0.1480084356088015,9,10,False
nonincident_zone_mean_response_min,4.168103448275862,0.0591888873578242,-0.019616627405877725,0.13799440212152614,9,10,False
nonincident_zone_mean_response_min,4.267241379310345,0.05135687272059883,-0.019075821773608156,0.12178956721480581,9,10,False
nonincident_zone_mean_response_min,4.366379310344827,0.04147451596836655,-0.018404466969465363,0.10135349890619846,9,10,False
nonincident_zone_mean_response_min,4.4655172413793105,0.03043405646103316,-0.017845374285693143,0.07871348720775946,9,10,False
nonincident_zone_mean_response_min,4.564655172413794,0.019127733558504757,-0.01777834663308553,0.05603381375009504,9,10,False
nonincident_zone_mean_response_min,4.663793103448276,0.008447786620687365,-0.01884889586541854,0.03574446910679327,9,10,False
nonincident_zone_mean_response_min,4.762931034482759,-0.0007135449925132117,-0.02192818986606281,0.020501099881036388,9,10,False
nonincident_zone_mean_response_min,4.862068965517242,-0.007464021921190875,-0.026800012408171155,0.011871968565789405,9,10,False
nonincident_zone_mean_response_min,4.961206896551724,-0.010911404805439657,-0.030505331227911367,0.008682521617032054,9,10,False
nonincident_zone_mean_response_min,5.0,-0.011167641390185976,-0.03084154095577753,0.008506258175405578,9,10,True
nonincident_zone_mean_response_min,5.060344827586207,-0.010611908964464296,-0.030250905896120582,0.00902708796719199,9,10,False
nonincident_zone_mean_response_min,5.1594827586206895,-0.008045886194891185,-0.02755271359578131,0.011460941205998939,9,10,False
nonincident_zone_mean_response_min,5.258620689655173,-0.003829564365575386,-0.02356874107669721,0.015909612345546435,9,10,False
nonincident_zone_mean_response_min,5.357758620689656,0.001571508896298547,-0.01925127313949592,0.022394290932093018,9,10,False
nonincident_zone_mean_response_min,5.456896551724138,0.00769178596354601,-0.01523754033432843,0.03062111226142045,9,10,False
nonincident_zone_mean_response_min,5.556034482758621,0.014065719208982573,-0.011766612483297008,0.03989805090126215,9,10,False
nonincident_zone_mean_response_min,5.655172413793103,0.020227761005423592,-0.008841604613998896,0.04929712662484608,9,10,False
nonincident_zone_mean_response_min,5.754310344827586,0.025712363725684632,-0.006411053451398488,0.05783578090276775,9,10,False
nonincident_zone_mean_response_min,5.853448275862069,0.03005397974258111,-0.00445211446015515,0.06456007394531738,9,10,False
nonincident_zone_mean_response_min,5.952586206896552,0.032787061428928434,-0.002990104826647702,0.06856422768450457,9,10,False
nonincident_zone_mean_response_min,6.0,0.03338962619080702,-0.0024871187678416617,0.0692663711494557,9,10,True
nonincident_zone_mean_response_min,6.051724137931035,0.03367716164156958,-0.0020242016684168945,0.06937852495155605,9,10,False
nonincident_zone_mean_response_min,6.150862068965518,0.03373447423093272,-0.0012021819705620093,0.06867113043242745,9,10,False
nonincident_zone_mean_response_min,6.25,0.03319377511170596,-0.0004960817093155878,0.0668836319327275,9,10,False
nonincident_zone_mean_response_min,6.349137931034483,0.03211571131828868,4.137632179235934e-05,0.064190046314785,9,10,False
nonincident_zone_mean_response_min,6.448275862068966,0.030560929885080246,0.00033488265631820974,0.06078697711384228,9,10,False
nonincident_zone_mean_response_min,6.547413793103448,0.028590077846480086,0.0002811695311353696,0.0568989861618248,9,10,False
nonincident_zone_mean_response_min,6.6465517241379315,0.026263802236887554,-0.0002553094732982812,0.05278291394707339,9,10,False
nonincident_zone_mean_response_min,6.745689655172414,0.023642750090702064,-0.0014387157528217044,0.04872421593422584,9,10,False
nonincident_zone_mean_response_min,6.844827586206897,0.02078756844232295,-0.003438246585874931,0.04501338347052083,9,10,False
nonincident_zone_mean_response_min,6.94396551724138,0.01775890432614963,-0.006376658511968461,0.04189446716426772,9,10,False
nonincident_zone_mean_response_min,7.043103448275862,0.014617404776581522,-0.010268603480403406,0.03950341303356645,9,10,False
nonincident_zone_mean_response_min,7.142241379310345,0.011423716828017936,-0.014994079486086657,0.03784151314212253,9,10,False
nonincident_zone_mean_response_min,7.241379310344827,0.008238487514858327,-0.020330425200990397,0.03680740023070705,9,10,False
nonincident_zone_mean_response_min,7.3405172413793105,0.005122363871502032,-0.026012132375486323,0.036256860118490386,9,10,False
nonincident_zone_mean_response_min,7.439655172413794,0.00213599293234845,-0.031776712244279,0.0360486981089759,9,10,False
nonincident_zone_mean_response_min,7.538793103448276,-0.0006599782682030085,-0.03738462031099609,0.036064663774590076,9,10,False
nonincident_zone_mean_response_min,7.637931034482759,-0.003204902695753001,-0.04262210653053628,0.03621230113903028,9,10,False
nonincident_zone_mean_response_min,7.737068965517242,-0.005438133315902097,-0.047297334053323745,0.03642106742151954,9,10,False
nonincident_zone_mean_response_min,7.836206896551724,-0.00729902309425094,-0.05123533886932426,0.03663729268082237,9,10,False
nonincident_zone_mean_response_min,7.935344827586207,-0.00872692499640016,-0.05427384767945474,0.03681999768665442,9,10,False
nonincident_zone_mean_response_min,8.0,-0.009396006651756513,-0.055697911807407956,0.036905898503894925,9,10,True
nonincident_zone_mean_response_min,8.03448275862069,-0.009695572774810288,-0.056321269619464556,0.036930124069843986,9,10,False
nonincident_zone_mean_response_min,8.133620689655173,-0.010575461319747478,-0.058015760404341025,0.036864837764846066,9,10,False
nonincident_zone_mean_response_min,8.232758620689655,-0.011482158033701267,-0.05958934422156087,0.03662502815415834,9,10,False
nonincident_zone_mean_response_min,8.331896551724139,-0.01241458298614134,-0.061074430376074726,0.03624526440379204,9,10,False
nonincident_zone_mean_response_min,8.431034482758621,-0.013371656246537345,-0.06250372687057187,0.03576041437749719,9,10,False
nonincident_zone_mean_response_min,8.530172413793103,-0.014352297884358968,-0.06390845957728748,0.03520386380856955,9,10,False
nonincident_zone_mean_response_min,8.629310344827587,-0.0153554279690759,-0.06531680092998338,0.03460594499183158,9,10,False
nonincident_zone_mean_response_min,8.72844827586207,-0.01637996657015779,-0.06675249936410156,0.03399256622378599,9,10,False
nonincident_zone_mean_response_min,8.827586206896552,-0.01742483375707432,-0.0682337497293423,0.033384082215193664,9,10,False
nonincident_zone_mean_response_min,8.926724137931036,-0.018488949599295194,-0.0697723682175535,0.03279446901896312,9,10,False
nonincident_zone_mean_response_min,9.025862068965518,-0.019571234166290044,-0.0713733335838657,0.032230865251285615,9,10,False
nonincident_zone_mean_response_min,9.125,-0.02067060752752856,-0.07303473321837423,0.0316935181633171,9,10,False
nonincident_zone_mean_response_min,9.224137931034484,-0.02178598975248045,-0.07474811620108887,0.031176136696127975,9,10,False
nonincident_zone_mean_response_min,9.323275862068966,-0.02291630091061534,-0.07649921736423752,0.030666615543006842,9,10,False
nonincident_zone_mean_response_min,9.422413793103448,-0.024060461071402924,-0.07826898789946804,0.030148065756662193,9,10,False
nonincident_zone_mean_response_min,9.52155172413793,-0.025217390304312873,-0.08003485667302265,0.029600076064396914,9,10,False
nonincident_zone_mean_response_min,9.620689655172415,-0.026386008678814892,-0.08177215404794791,0.02900013669031813,9,10,False
nonincident_zone_mean_response_min,9.719827586206897,-0.02756523626437862,-0.08345565367709529,0.028325181148338045,9,10,False
nonincident_zone_mean_response_min,9.818965517241379,-0.028753993130473738,-0.08506122192486971,0.027553235663922235,9,10,False
nonincident_zone_mean_response_min,9.918103448275863,-0.02995119934656994,-0.08656760377055973,0.02666520507741985,9,10,False
nonincident_zone_mean_response_min,10.0,-0.030945801414746812,-0.08772534934209339,0.02583374651259977,9,10,True
nonincident_zone_mean_response_min,10.017241379310345,-0.031150188013016198,-0.08794257549608156,0.025642199470049167,9,10,False
nonincident_zone_mean_response_min,10.116379310344827,-0.03213053839403954,-0.08865823913159324,0.024397162343514155,9,10,False
nonincident_zone_mean_response_min,10.215517241379311,-0.03283632540462337,-0.08913505064976646,0.023462399840519725,9,10,False
nonincident_zone_mean_response_min,10.314655172413794,-0.0333468186323369,-0.09043880985249131,0.023745172587817512,9,10,False
nonincident_zone_mean_response_min,10.413793103448276,-0.03374128766474928,-0.09342045045373432,0.025937875124235753,9,10,False
nonincident_zone_mean_response_min,10.51293103448276,-0.0340990020894297,-0.09833420987459475,0.030136205695735344,9,10,False
nonincident_zone_mean_response_min,10.612068965517242,-0.034499231493947374,-0.10477999657625217,0.03578153358835742,9,10,False
nonincident_zone_mean_response_min,10.711206896551724,-0.03502124546587145,-0.11195128505135907,0.041908794119616156,9,10,False
nonincident_zone_mean_response_min,10.810344827586206,-0.03574431359277112,-0.11891914906156031,0.04743052187601809,9,10,False
nonincident_zone_mean_response_min,10.90948275862069,-0.03674770546221559,-0.12479935428215917,0.05130394335772799,9,10,False
nonincident_zone_mean_response_min,11.0,-0.03797588857805994,-0.12856822958303593,0.05261645242691606,9,10,True
nonincident_zone_mean_response_min,11.008620689655173,-0.03810853332831797,-0.12883745369317065,0.05262038703653471,9,10,False
nonincident_zone_mean_response_min,11.107758620689655,-0.03956688764933845,-0.13185003213066288,0.05271625683198597,9,10,False
nonincident_zone_mean_response_min,11.206896551724139,-0.04092672682330581,-0.13471679047499274,0.05286333682838114,9,10,False
nonincident_zone_mean_response_min,11.306034482758621,-0.04222380983820564,-0.13746097398652288,0.053013354310111595,9,10,False
nonincident_zone_mean_response_min,11.405172413793103,-0.04349389568202365,-0.14012280948293082,0.053135018118883506,9,10,False
nonincident_zone_mean_response_min,11.504310344827587,-0.04477274334274554,-0.1427619131927974,0.053216426507306326,9,10,False
nonincident_zone_mean_response_min,11.60344827586207,-0.046096111808356946,-0.1454603950863464,0.053268171469632516,9,10,False
nonincident_zone_mean_response_min,11.702586206896552,-0.047499760066843554,-0.14832642652274802,0.05332690638906092,9,10,False
nonincident_zone_mean_response_min,11.801724137931036,-0.049019447106191036,-0.15149782320893523,0.05345892899655315,9,10,False
nonincident_zone_mean_response_min,11.900862068965518,-0.05069093191438507,-0.15514490256313876,0.05376303873436863,9,10,False
nonincident_zone_mean_response_min,12.0,-0.05254997347941131,-0.15947155585167347,0.054371608892850844,9,10,True
