duration_hours,external_count,replications,mean_response_min_n,mean_response_min_mean,mean_response_min_ci95_low,mean_response_min_ci95_high,cumulative_response_gain_min_n,cumulative_response_gain_min_mean,cumulative_response_gain_min_ci95_low,cumulative_response_gain_min_ci95_high,marginal_response_gain_min_n,marginal_response_gain_min_mean,marginal_response_gain_min_ci95_low,marginal_response_gain_min_ci95_high,total_delay_penalty_yuan_n,total_delay_penalty_yuan_mean,total_delay_penalty_yuan_ci95_low,total_delay_penalty_yuan_ci95_high,avoided_penalty_yuan_n,avoided_penalty_yuan_mean,avoided_penalty_yuan_ci95_low,avoided_penalty_yuan_ci95_high,avoided_penalty_per_vehicle_yuan_n,avoided_penalty_per_vehicle_yuan_mean,avoided_penalty_per_vehicle_yuan_ci95_low,avoided_penalty_per_vehicle_yuan_ci95_high,marginal_break_even_cost_yuan_n,marginal_break_even_cost_yuan_mean,marginal_break_even_cost_yuan_ci95_low,marginal_break_even_cost_yuan_ci95_high,external_dispatches_n,external_dispatches_mean,external_dispatches_ci95_low,external_dispatches_ci95_high,incident_zone_scenarios
0.5,0,9,9,6.406334922755693,4.149882135326047,8.66278771018534,9,0.0,0.0,0.0,0,,,,9,4802.609037425041,-239.91734377210196,9845.135418622183,9,0.0,0.0,0.0,0,,,,0,,,,9,0.0,0.0,0.0,10
0.5,1,9,9,5.5957409928950455,3.9141551083019532,7.277326877488138,9,0.8105939298606475,0.16392075097915537,1.4572671087421396,9,0.8105939298606475,0.16392075097915537,1.4572671087421396,9,3475.724279578381,-82.87523416013573,7034.3237933168975,9,1326.88475784666,-182.41087179889223,2836.1803874922125,9,1326.88475784666,-182.41087179889223,2836.1803874922125,9,1326.88475784666,-182.41087179889223,2836.1803874922125,9,0.911111111111111,0.8135444206950062,1.0086778015272158,10
0.5,2,9,9,5.123185562107292,3.8582552797828353,6.3881158444317485,9,1.2831493606484017,0.17532429486803025,2.390974426428773,9,0.47255543078775425,7.124325965357503e-05,0.9450396183158549,9,2587.743240248795,39.595762581464896,5135.890717916125,9,2214.865797176247,-354.45662773708636,4784.18822208958,9,1107.4328985881234,-177.22831386854318,2392.09411104479,9,887.9810393295871,-175.83090841519913,1951.7929870743733,9,1.6,1.2761543963200948,1.9238456036799054,10
0.5,3,9,9,4.8926757796002,3.8676350797377683,5.917716479462632,9,1.513659143155493,0.11873319885969891,2.9085850874512875,9,0.23050978250709153,-0.09865961599458711,0.5596791810087702,9,2133.438867907109,222.02081190257354,4044.856923911644,9,2669.1701695179327,-525.0872721862679,5863.427611222133,9,889.723389839311,-175.0290907287556,1954.4758704073777,9,454.30437234168585,-251.93278106140394,1160.5415257447758,9,2.1444444444444444,1.5488989270725328,2.739989961816356,10
0.5,4,9,9,4.757724989784894,3.8570712025601015,5.658378777009686,9,1.6486099329708006,0.0718754992546673,3.225344366686934,9,0.13495078981530748,-0.06272860887067991,0.3326301885012949,9,1856.6774944394435,316.84063135095175,3396.5143575279353,9,2945.931542985598,-656.1669075764703,6548.029993547666,9,736.4828857463995,-164.04172689411757,1637.0074983869165,9,276.7613734676651,-166.7984741755908,720.321221110921,9,2.5555555555555554,1.6748424979926742,3.4362686131184366,10
0.5,5,9,9,4.687038754899642,3.8347961336073886,5.539281376191895,9,1.7192961678560514,0.04114473817243547,3.397447597539667,9,0.07068623488525062,-0.03683350125953251,0.17820597103003377,9,1714.0200207026926,350.1098964747166,3077.9301449306686,9,3088.589016722349,-734.45781920545,6911.635852650148,9,617.7178033444699,-146.89156384109003,1382.32717053003,9,142.6574737367512,-89.70776989295217,375.0227173664546,9,2.8555555555555556,1.7147170519607027,3.9963940591504086,10
0.5,6,9,9,4.659037808041693,3.8308024220762147,5.48727319400717,9,1.7472971147140002,0.009889693357485685,3.484704536070515,9,0.02800094685794889,-0.04316962850543524,0.09917152222133302,9,1656.730860252008,370.494158174783,2942.967562329233,9,3145.8781771730337,-798.6265770185378,7090.382931364606,9,524.3130295288389,-133.10442950308948,1181.7304885607673,9,57.28916045068455,-86.65617397642087,201.23449487778998,9,3.066666666666667,1.7397398867514893,4.3935934465818445,10
1.0,0,10,10,6.805021893207882,4.776115647306845,8.833928139108918,10,0.0,0.0,0.0,0,,,,10,8515.905746033928,1725.9759674882898,15305.835524579566,10,0.0,0.0,0.0,0,,,,0,,,,10,0.0,0.0,0.0,10
1.0,1,10,10,5.864715905068618,4.403823649997966,7.32560816013927,10,0.940305988139265,0.32833211473197155,1.5522798615465585,10,0.940305988139265,0.32833211473197155,1.5522798615465585,10,6099.800906372519,1396.485985966844,10803.115826778194,10,2416.1048396614074,270.38627933846783,4561.823399984347,10,2416.1048396614074,270.38627933846783,4561.823399984347,10,2416.1048396614074,270.38627933846783,4561.823399984347,10,1.47,1.24116031856602,1.69883968143398,10
1.0,2,10,10,5.262545764500978,4.207653461604209,6.317438067397748,10,1.5424761287069049,0.5223598818413713,2.5625923755724385,10,0.6021701405676397,0.16610456752371366,1.0382357136115659,10,4479.994062950359,1189.1832584602762,7770.804867440442,10,4035.9116830835674,515.5123722925409,7556.310993874594,10,2017.9558415417837,257.75618614627047,3778.155496937297,10,1619.80684342216,178.5127656895413,3061.100921154779,10,2.48,2.0228178446257705,2.9371821553742294,10
1.0,3,10,10,4.974149563250717,4.095552892669308,5.852746233832126,10,1.830872329957166,0.6242145911295123,3.03753006878482,10,0.2883962012502611,0.09402069563548385,0.48277170686503834,10,3694.28079389347,1026.7904796066573,6361.771108180283,10,4821.624952140455,669.3849004626463,8973.865003818264,10,1607.2083173801518,223.12830015421582,2991.288334606088,10,785.7132690568885,147.15807877814746,1424.2684593356296,10,3.15,2.544641032451828,3.755358967548172,10
1.0,4,10,10,4.707547767314637,3.992990493483097,5.422105041146176,10,2.0974741258932466,0.7106177183175677,3.4843305334689254,10,0.2666017959360802,0.07685641447995961,0.45634717739220076,10,2960.1185976110605,901.4407940857095,5018.796401136411,10,5555.787148422865,783.5488638262832,10328.025433019448,10,1388.9467871057163,195.8872159565708,2582.006358254862,10,734.1621962824104,94.8250392246274,1373.4993533401935,10,3.69,2.8995387112165294,4.48046128878347,10
1.0,5,10,10,4.594743030539247,3.9329168250124074,5.2565692360660865,10,2.2102788626686363,0.7486971372306095,3.671860588106663,10,0.11280473677538996,0.02940812014113814,0.1962013534096418,10,2657.290895807563,813.5128246781935,4501.068966936933,10,5858.614850226363,849.3893466836917,10867.840353769036,10,1171.7229700452726,169.8778693367385,2173.5680707538068,10,302.8277018034972,44.27984868662867,561.3755549203656,10,4.17,3.1885435338252304,5.1514564661747695,10
1.0,6,10,10,4.538071196437406,3.9168556928156226,5.15928670005919,10,2.2669506967704756,0.7549150479771738,3.7789863455637773,10,0.05667183410183939,0.0018588922028724558,0.11148477600080632,10,2485.7475505786256,803.4042408590244,4168.090860298227,10,6030.1581954553,855.467776774608,11204.848614135994,10,1005.026365909217,142.57796279576826,1867.474769022666,10,171.54334522893757,-2.757767858756324,345.84445831663146,10,4.59,3.418691806855125,5.761308193144875,10
2.0,0,10,10,7.936882680152735,6.155938281096174,9.717827079209297,10,0.0,0.0,0.0,0,,,,10,19989.73258846862,10420.215505869537,29559.249671067708,10,0.0,0.0,0.0,0,,,,0,,,,10,0.0,0.0,0.0,10
2.0,1,10,10,6.68892328414829,5.491257481121009,7.886589087175571,10,1.247959396004445,0.6240194008574325,1.8718993911514576,10,1.247959396004445,0.6240194008574325,1.8718993911514576,10,14065.153673247629,7782.0451671812725,20348.262179313984,10,5924.578915220994,2424.0902313003835,9425.067599141603,10,5924.578915220994,2424.0902313003835,9425.067599141603,10,5924.578915220994,2424.0902313003835,9425.067599141603,10,2.55,2.318197869279439,2.7818021307205605,10
2.0,2,10,10,5.918605639671936,5.1357807379320874,6.701430541411785,10,2.0182770404807977,0.9910111140471825,3.0455429669144127,10,0.7703176444763533,0.3375430905647634,1.2030921983879432,10,10473.328324251492,6222.36966817968,14724.286980323304,10,9516.40426421713,4065.4535242919874,14967.355004142271,10,4758.202132108565,2032.7267621459937,7483.677502071136,10,3591.825348996136,1491.1624052214215,5692.488292770851,10,4.67,4.2263889872615055,5.113611012738494,10
2.0,3,10,10,5.466297732381403,4.863930565841719,6.068664898921086,10,2.4705849477713313,1.250540415581459,3.6906294799612036,10,0.4523079072905336,0.24575278777660503,0.6588630268044622,10,8355.12167112024,5111.071687250309,11599.17165499017,10,11634.610917348384,5220.383881378243,18048.837953318525,10,3878.2036391161273,1740.1279604594138,6016.279317772841,10,2118.206653131253,1074.7334372304986,3161.6798690320074,10,6.35,5.706399611666124,6.993600388333875,10
2.0,4,10,10,5.134093718191866,4.669453909059564,5.598733527324168,10,2.8027889619608684,1.421045120422028,4.1845328034997085,10,0.3322040141895363,0.16052434433451426,0.5038836840445584,10,6785.593492224567,4299.875822731023,9271.311161718111,10,13204.139096244058,5984.276199619307,20424.00199286881,10,3301.0347740610146,1496.0690499048267,5106.000498217202,10,1569.528178895675,707.771897961661,2431.284459829689,10,7.82,6.947903287278496,8.692096712721504,10
2.0,5,10,10,4.93933174406885,4.553992019627638,5.324671468510062,10,2.9975509360838832,1.5069484059445293,4.488153466223237,10,0.19476197412301535,0.081443172597823,0.3080807756482077,10,5912.862473406838,3870.976715226552,7954.748231587124,10,14076.870115061782,6362.967095990018,21790.773134133546,10,2815.3740230123576,1272.593419198005,4358.15462682671,10,872.7310188177269,338.32775795040163,1407.1342796850522,10,9.030000000000001,7.916629456751696,10.143370543248306,10
2.0,6,10,10,4.844635722732571,4.49168736341986,5.197584082045282,10,3.0922469574201625,1.5620896269670794,4.622404287873246,10,0.09469602133627943,0.04191563217058467,0.1474764105019742,10,5469.601394900729,3659.970687780925,7279.232102020534,10,14520.131193567891,6584.751414482829,22455.510972652955,10,2420.021865594649,1097.458569080472,3742.5851621088264,10,443.26107850610896,167.1475451551516,719.3746118570664,10,9.99,8.591258227311592,11.388741772688409,10
4.0,0,10,10,9.892970714235542,6.358937705218699,13.427003723252385,10,0.0,0.0,0.0,0,,,,10,60391.813851123305,13656.946563970618,107126.68113827599,10,0.0,0.0,0.0,0,,,,0,,,,10,0.0,0.0,0.0,10
4.0,1,10,10,7.4517999894556155,5.74358283272854,9.16001714618269,10,2.4411707247799255,0.5720777505435364,4.310263699016314,10,2.4411707247799255,0.5720777505435364,4.310263699016314,10,35796.86059764571,13165.296642580459,58428.42455271096,10,24594.95325347758,264.97411064238986,48924.93239631277,10,24594.95325347758,264.97411064238986,48924.93239631277,10,24594.95325347758,264.97411064238986,48924.93239631277,10,4.6899999999999995,4.32766233117557,5.052337668824429,10
4.0,2,10,10,6.21309535542767,5.223420659123146,7.202770051732195,10,3.679875358807871,1.0943172461095436,6.265433471506198,10,1.2387046340279455,0.509574896525967,1.967834371529924,10,23862.69518337355,10930.95366261315,36794.43670413395,10,36529.118667749746,2492.0683363560747,70566.16899914341,10,18264.559333874873,1246.0341681780374,35283.084499571705,10,11934.165414272164,2165.4010610489113,21702.929767495414,10,8.739999999999998,8.200233309973271,9.279766690026726,10
4.0,3,10,10,5.499230294010259,4.936567257348358,6.061893330672159,10,4.393740420225283,1.3813077592871843,7.406173081163383,10,0.7138650614174115,0.2766932431520103,1.1510368796828125,10,17141.2446610047,9751.610395135316,24530.878926874087,10,43250.56919011859,3695.6825393569743,82805.45584088021,10,14416.856396706198,1231.894179785657,27601.81861362674,10,6721.450522368849,1134.2815562168325,12308.619488520866,10,12.129999999999999,11.463996274761977,12.796003725238021,10
4.0,4,10,10,5.091969902080607,4.742116073985882,5.441823730175333,10,4.801000812154935,1.5684668146239122,8.033534809685957,10,0.4072603919296526,0.1749971117894364,0.6395236720698687,10,13351.675174916643,8857.63627375165,17845.714076081636,10,47040.138676206654,4511.574324070418,89568.70302834289,10,11760.034669051664,1127.8935810176044,22392.175757085723,10,3789.569486088059,765.9476238835587,6813.191348292559,10,14.73,13.873527925916118,15.586472074083883,10
4.0,5,10,10,4.850940592657772,4.602275558147081,5.099605627168463,10,5.04203012157777,1.6926639278199915,8.391396315335548,10,0.2410293094228348,0.12061092580705768,0.3614476930386119,10,11080.119601317889,8112.768079068203,14047.471123567575,10,49311.694249805405,5163.067613193343,93460.32088641747,10,9862.33884996108,1032.6135226386687,18692.06417728349,10,2271.5555735987514,632.5326264884136,3910.5785207090894,10,16.96,15.825808951128588,18.094191048871416,10
4.0,6,10,10,4.713728143278082,4.522412439310779,4.905043847245386,10,5.17924257095746,1.7802875460088186,8.578197595906103,10,0.13721244937969013,0.07339549947437998,0.20102939928500027,10,9833.04748260056,7556.70731228462,12109.387652916499,10,50558.76636852273,5780.008924973918,95337.52381207154,10,8426.461061420456,963.3348208289881,15889.587302011923,10,1247.0721187173317,529.4813346027216,1964.6629028319417,10,18.509999999999998,17.2020070698731,19.817992930126895,10
5.0,0,10,10,12.34185796974294,6.8252372039671325,17.858478735518744,10,0.0,0.0,0.0,0,,,,10,106269.60661670566,21976.174639876146,190563.03859353517,10,0.0,0.0,0.0,0,,,,0,,,,10,0.0,0.0,0.0,10
5.0,1,10,10,8.009899512937393,5.425379427097136,10.59441959877765,10,4.3319584568055465,1.3726197432826037,7.291297170328489,10,4.3319584568055465,1.3726197432826037,7.291297170328489,10,52188.92678118546,11910.37262942412,92467.4809329468,10,54080.679835520205,9838.974962505083,98322.38470853533,10,54080.679835520205,9838.974962505083,98322.38470853533,10,54080.679835520205,9838.974962505083,98322.38470853533,10,5.88,5.389228318487802,6.370771681512198,10
5.0,2,10,10,6.349956404146676,5.130640924249883,7.569271884043468,10,5.9919015655962635,1.6666638223085055,10.317139308884022,10,1.6599431087907182,0.28029990476534716,3.0395863128160894,10,31282.713241338985,12291.228268747756,50274.19821393021,10,74986.89337536668,9483.314013041876,140490.47273769148,10,37493.44668768334,4741.657006520938,70245.23636884574,10,20906.213539846474,-485.65975767448253,42298.08683736743,10,10.73,10.050473692830996,11.409526307169005,10
5.0,3,10,10,5.577366060947805,4.903951080196731,6.250781041698878,10,6.764491908795135,1.882961075754178,11.646022741836092,10,0.7725903431988697,0.210745693441724,1.3344349929560153,10,22064.973612818947,11575.008685875755,32554.938539762137,10,84204.63300388673,10130.861032816087,158278.40497495738,10,28068.211001295578,3376.9536776053646,52759.46832498579,10,9217.739628520038,587.5211128981191,17847.958144141958,10,14.86,13.951249548714221,15.768750451285777,10
5.0,4,10,10,5.1179991237014875,4.720187976960897,5.515810270442078,10,7.223858846041454,2.0623867863213663,12.385330905761542,10,0.4593669372463184,0.17048041288920973,0.7482534616034271,10,16765.832042787264,10522.194118980495,23009.469966594035,10,89503.77457391842,11084.140331415663,167923.40881642117,10,22375.943643479604,2771.035082853916,41980.85220410529,10,5299.141570031683,896.674142105855,9701.608997957512,10,18.259999999999998,17.146552854835935,19.37344714516406,10
5.0,5,10,10,4.858512252224348,4.5872271060697525,5.129797398378944,10,7.483345717518593,2.1685910527857564,12.79810038225143,10,0.2594868714771391,0.10324554387006485,0.4157281990842134,10,13774.117637623916,9687.934032325209,17860.301242922626,10,92495.48897908175,11685.402072814162,173305.57588534936,10,18499.09779581635,2337.080414562828,34661.11517706987,10,2991.7144051633463,586.4269835369046,5397.0018267897885,10,20.98,19.484464876787573,22.475535123212428,10
5.0,6,10,10,4.725203628159127,4.527169041037825,4.923238215280429,10,7.616654341583813,2.22242798453769,13.010880698629936,10,0.13330862406522143,0.043098499513538405,0.22351874861690446,10,12208.342771710055,9304.42472207125,15112.26082134886,10,94061.26384499561,12025.937261588202,176096.59042840303,10,15676.877307499273,2004.32287693137,29349.43173806718,10,1565.7748659138633,263.5171480655372,2868.0325837621895,10,22.97,21.122941019088323,24.817058980911675,10
6.0,0,10,10,16.96871384960979,10.83046876744725,23.106958931772333,10,0.0,0.0,0.0,0,,,,10,186776.96396645322,80246.80817795031,293307.1197549561,10,0.0,0.0,0.0,0,,,,0,,,,10,0.0,0.0,0.0,10
6.0,1,10,10,9.111948648785484,5.864627074994755,12.359270222576214,10,7.856765200824308,4.852867430011591,10.860662971637025,10,7.856765200824308,4.852867430011591,10.860662971637025,10,76717.06616304143,19850.4036582619,133583.72866782095,10,110059.89780341178,59180.847950957665,160938.9476558659,10,110059.89780341178,59180.847950957665,160938.9476558659,10,110059.89780341178,59180.847950957665,160938.9476558659,10,7.2299999999999995,6.70643562853828,7.753564371461719,10
6.0,2,10,10,6.533766251317644,5.0259164939093335,8.041616008725955,10,10.434947598292148,5.724869415560153,15.145025781024142,10,2.578182397467839,0.807501674000312,4.348863120935366,10,39476.170511710814,12946.364248206435,66005.9767752152,10,147300.7934547424,66508.04100844807,228093.54590103676,10,73650.3967273712,33254.020504224034,114046.77295051838,10,37240.895651330626,6586.21119235504,67895.58011030621,10,12.7,11.880889443464227,13.519110556535772,10
6.0,3,10,10,5.546632233993938,4.839738810156183,6.253525657831693,10,11.422081615615854,5.9427221678016044,16.901441063430102,10,0.9871340173237073,0.17057445937887905,1.8036935752685355,10,25202.8174662374,12806.361047922766,37599.273884552036,10,161574.1465002158,67042.35978102894,256105.93321940268,10,53858.04883340527,22347.453260342983,85368.64440646756,10,14273.35304547341,-14.187940312544015,28560.894031259362,10,17.5,16.49114666288533,18.50885333711467,10
6.0,4,10,10,5.07360738272569,4.68239595476389,5.464818810687491,10,11.8951064668841,6.088021724598463,17.702191209169737,10,0.4730248512682465,0.13501357468788228,0.8110361278486107,10,18731.522830194495,12017.60524546413,25445.44041492486,10,168045.4411362587,67737.78085760001,268353.1014149174,10,42011.36028406468,16934.445214400002,67088.27535372935,10,6471.2946360429005,547.5795608524913,12395.00971123331,10,21.280000000000005,20.000419533072485,22.559580466927525,10
6.0,5,10,10,4.848995018900192,4.5709955935190685,5.126994444281316,10,12.119718830709601,6.189480098111527,18.049957563307675,10,0.22461236382550015,0.09657491723004058,0.3526498104209597,10,15804.575442985875,11133.457223217622,20475.69366275413,10,170972.38852346735,68558.14483087962,273386.63221605506,10,34194.47770469347,13711.628966175922,54677.326443211015,10,2926.94738720862,784.2126855564934,5069.682088860747,10,24.240000000000002,22.611805495916876,25.868194504083128,10
6.0,6,10,10,4.717612378734083,4.510328061508446,4.9248966959597205,10,12.251101470875708,6.230031342084238,18.27217159966718,10,0.13138264016610807,0.03006465204553234,0.2327006282866838,10,14036.150010243795,10736.155086443334,17336.144934044256,10,172740.8139562094,68784.42014176496,276697.2077706538,10,28790.135659368232,11464.070023627493,46116.20129510897,10,1768.4254327420833,125.45872793304875,3411.392137551118,10,26.68,24.526312325692004,28.833687674307996,10
8.0,0,10,10,28.603053561486995,20.916948122967415,36.28915900000658,10,0.0,0.0,0.0,0,,,,10,432994.592722257,258529.9254254949,607459.2600190191,10,0.0,0.0,0.0,0,,,,0,,,,10,0.0,0.0,0.0,10
8.0,1,10,10,14.179462885843634,9.355669559616757,19.00325621207051,10,14.423590675643359,11.45343980938543,17.39374154190129,10,14.423590675643359,11.45343980938543,17.39374154190129,10,189554.1038495958,80592.50406791965,298515.70363127196,10,243440.4888726612,176961.73710782692,309919.2406374955,10,243440.4888726612,176961.73710782692,309919.2406374955,10,243440.4888726612,176961.73710782692,309919.2406374955,10,9.73,9.215196997860158,10.244803002139843,10
8.0,2,10,10,7.92904139611192,5.321906037349166,10.536176754874674,10,20.67401216537507,15.453174084902155,25.894850245847987,10,6.250421489731714,3.9560348083399894,8.544808171123439,10,77565.7417093932,18547.992831196825,136583.49058758956,10,355428.85101286386,238264.5254192858,472593.1766064419,10,177714.42550643193,119132.2627096429,236296.58830322095,10,111988.36214020257,61001.27668603117,162975.44759437398,10,17.020000000000003,16.00004832568603,18.039951674313976,10
8.0,3,10,10,5.824376786768424,4.712215671913157,6.936537901623691,10,22.77867677471857,16.10311725932116,29.45423629011598,10,2.104664609343495,0.5823252267242369,3.627003991962753,10,38128.44178057026,12440.980664664814,63815.90289647571,10,394866.1509416868,244806.36772253466,544925.934160839,10,131622.05031389557,81602.12257417818,181641.97805361295,10,39437.29992882295,5776.395063846918,73098.20479379897,10,22.880000000000003,21.574465480454354,24.18553451954565,10
8.0,4,10,10,5.102182205218652,4.658263108396133,5.546101302041171,10,23.50087135626834,16.178782706938662,30.82296000559802,10,0.7221945815497721,0.020857114266550236,1.423532048832994,10,24638.35016949794,14657.663540601532,34619.03679839434,10,408356.2425527592,243089.74725322166,573622.7378522967,10,102089.0606381898,60772.436813305416,143405.68446307417,10,13490.091611072325,-2535.0828903505953,29515.266112495243,10,27.85,26.251035512561877,29.448964487438126,10
8.0,5,10,10,4.808225609082027,4.571039878832977,5.045411339331077,10,23.79482795240496,16.257638794329047,31.332017110480876,10,0.2939565961366256,0.058582222685869184,0.529330969587382,10,19427.07780773561,14419.994483981473,24434.161131489753,10,413567.5149145214,243356.1643241765,583778.8655048663,10,82713.50298290429,48671.2328648353,116755.77310097328,10,5211.272361762329,-15.669653447580458,10438.214376972239,10,31.840000000000003,29.980010903865306,33.6999890961347,10
8.0,6,10,10,4.6910455076353825,4.5099546792379375,4.872136336032828,10,23.912008053851608,16.295379623668026,31.52863648403519,10,0.11718010144664397,0.031839604213799055,0.20252059867948888,10,17469.11996010644,13977.213867072627,20961.026053140253,10,415525.4727621506,243640.24279697196,587410.7027273292,10,69254.24546035843,40606.70713282866,97901.78378788821,10,1957.9578476291686,226.50784445374052,3689.407850804597,10,34.809999999999995,32.507125983524105,37.112874016475885,10
10.0,0,10,10,24.415532277763084,16.538644089133218,32.292420466392954,10,0.0,0.0,0.0,0,,,,10,443096.36513395107,253211.19379216334,632981.5364757387,10,0.0,0.0,0.0,0,,,,0,,,,10,0.0,0.0,0.0,10
10.0,1,10,10,11.562273880034603,7.039078324810843,16.08546943525836,10,12.853258397728476,9.370428419321051,16.3360883761359,10,12.853258397728476,9.370428419321051,16.3360883761359,10,173614.15982870903,62865.29976536636,284363.0198920517,10,269482.20530524204,187832.73265141246,351131.6779590716,10,269482.20530524204,187832.73265141246,351131.6779590716,10,269482.20530524204,187832.73265141246,351131.6779590716,10,10.419999999999998,10.107636585758298,10.732363414241698,10
10.0,2,10,10,6.698780879440141,4.675792747044764,8.72176901183552,10,17.71675139832294,11.75942780492931,23.674074991716573,10,4.863493000594462,2.3330463777149903,7.393939623473934,10,66386.49632145555,15098.794915372026,117674.19772753907,10,376709.8688124955,235920.52704332265,517499.2105816683,10,188354.93440624775,117960.26352166133,258749.60529083415,10,107227.66350725348,47099.90856410823,167355.41845039875,10,19.04,18.399987624856177,19.68001237514382,10
10.0,3,10,10,5.264330674417484,4.4956987110184015,6.032962637816566,10,19.151201603345594,11.983241113238625,26.31916209345256,10,1.4344502050226589,0.161213704956239,2.7076867050890785,10,34300.485747910236,14558.089156351325,54042.88233946914,10,408795.8793860409,237565.27983710938,580026.4789349724,10,136265.2931286803,79188.42661236977,193342.1596449908,10,32086.010573545318,267.8684355985861,63904.15271149205,10,25.889999999999997,24.879766773797602,26.900233226202392,10
10.0,4,10,10,4.759385321088116,4.5188275406164555,4.999943101559777,10,19.656146956674966,11.948688388633144,27.36360552471679,10,0.5049453533293676,-0.08476970271074602,1.0946604093694812,10,23086.642146583163,17503.206856008284,28670.07743715804,10,420009.72298736795,234922.833823052,605096.6121516839,10,105002.43074684199,58730.708455763,151274.15303792097,10,11213.84360132707,-3775.3983557226256,26203.085558376762,10,31.18,29.89465582763728,32.46534417236272,10
10.0,5,10,10,4.601750833071843,4.435417273533763,4.768084392609922,10,19.81378144469124,12.012613416162534,27.614949473219948,10,0.1576344880162721,0.06014657815252607,0.25512239788001817,10,19904.460728072147,16368.842765479636,23440.078690664657,10,423191.904405879,235803.7883287333,610580.0204830247,10,84638.38088117578,47160.75766574664,122116.00409660491,10,3182.1814185110143,821.5975589551326,5542.765278066896,10,35.14,33.49547414935749,36.78452585064251,10
10.0,6,10,10,4.51611368785677,4.382711058253837,4.649516317459702,10,19.89941858990631,12.040639036065537,27.758198143747087,10,0.08563714521507426,0.020844011920622005,0.1504302785095265,10,18205.994146877158,15695.572798746925,20716.41549500739,10,424890.370987074,236164.1957926879,613616.54618146,10,70815.06183117899,39360.69929878131,102269.42436357666,10,1698.4665811949912,244.0308455529066,3152.902316837076,10,38.09,36.03171321005226,40.14828678994775,10
11.0,0,10,10,24.92444923067087,16.473620717022378,33.37527774431936,10,0.0,0.0,0.0,0,,,,10,510006.61761518207,284908.87023454433,735104.3649958197,10,0.0,0.0,0.0,0,,,,0,,,,10,0.0,0.0,0.0,10
11.0,1,10,10,12.219643778721801,7.136106578503815,17.303180978939785,10,12.704805451949067,9.139715502084169,16.269895401813965,10,12.704805451949067,9.139715502084169,16.269895401813965,10,211599.03515831567,73942.51009250758,349255.56022412376,10,298407.5824568664,206444.277608612,390370.8873051208,10,298407.5824568664,206444.277608612,390370.8873051208,10,298407.5824568664,206444.277608612,390370.8873051208,10,10.879999999999999,10.513993193008147,11.24600680699185,10
11.0,2,10,10,6.9460511981276865,4.729057065165165,9.163045331090208,10,17.978398032543183,11.627162475372645,24.329633589713723,10,5.273592580594115,2.380567684325307,8.166617476862923,10,81633.25062046535,19106.353349145764,144160.14789178493,10,428373.3669947168,262996.1927421547,593750.5412472789,10,214186.6834973584,131498.09637107735,296875.27062363946,10,129965.78453785033,54214.417175844734,205717.15189985593,10,19.9,19.208077321710185,20.591922678289812,10
11.0,3,10,10,5.210302267694352,4.4226422932014335,5.99796224218727,10,19.714146962976514,11.963143234808133,27.465150691144895,10,1.7357489304333353,0.28194769022772226,3.1895501706389484,10,37811.23259998813,14621.809691443887,61000.65550853237,10,472195.38501519396,268304.6473608179,676086.12266957,10,157398.46167173135,89434.882453606,225362.0408898567,10,43822.01802047723,3977.454017068798,83666.58202388567,10,27.18,26.099940043953055,28.260059956046945,10
11.0,4,10,10,4.666258712682291,4.485046652759736,4.847470772604846,10,20.258190517988577,11.932344596323876,28.58403643965328,10,0.5440435550120613,-0.10193231085016508,1.1900194208742876,10,24142.49764638024,18921.349412585572,29363.64588017491,10,485864.11996880185,265285.3012340216,706442.9387035822,10,121466.02999220046,66321.3253085054,176610.73467589554,10,13668.73495360788,-4858.836004421999,32196.30591163776,10,32.629999999999995,31.229389554268078,34.03061044573192,10
11.0,5,10,10,4.51535456690056,4.400122117617287,4.630587016183832,10,20.40909466377031,11.988769998032891,28.82941932950773,10,0.15090414578173203,0.04616292689697722,0.25564536466648685,10,20693.924169924594,17898.644827321597,23489.20351252759,10,489312.6934452575,266068.2633893595,712557.1235011555,10,97862.5386890515,53213.65267787189,142511.4247002311,10,3448.573476455651,532.4428333181795,6364.704119593122,10,36.739999999999995,34.8086246715658,38.67137532843419,10
11.0,6,10,10,4.452527446278337,4.347111367112576,4.557943525444098,10,20.471921784392528,12.033583216321603,28.910260352463453,10,0.06282712062222161,0.03886459477921976,0.08678964646522346,10,19339.356387768392,17029.59861222406,21649.114163312723,10,490667.2612274137,266882.5538211212,714451.9686337062,10,81777.87687123563,44480.425636853535,119075.32810561772,10,1354.567782156199,712.1546309585166,1996.9809333538815,10,39.88,37.613122367369336,42.14687763263067,10
12.0,0,10,10,31.59200428614409,23.76746490874613,39.41654366354205,10,0.0,0.0,0.0,0,,,,10,724881.783956526,486971.78689569986,962791.7810173521,10,0.0,0.0,0.0,0,,,,0,,,,10,0.0,0.0,0.0,10
12.0,1,10,10,16.1303443039485,11.047062866141443,21.213625741755557,10,15.461659982195581,12.647569329623396,18.275750634767768,10,15.461659982195581,12.647569329623396,18.275750634767768,10,334765.5203486912,180055.61540273874,489475.4252946437,10,390116.2636078348,304858.97429316054,475373.5529225091,10,390116.2636078348,304858.97429316054,475373.5529225091,10,390116.2636078348,304858.97429316054,475373.5529225091,10,11.36,10.97080376560879,11.749196234391208,10
12.0,2,10,10,8.68457864227962,5.9092876801013325,11.459869604457907,10,22.907425643864464,17.733273000409,28.081578287319928,10,7.445765661668881,5.0578788393131315,9.83365248402463,10,137890.26612484068,51646.423334930776,224134.10891475057,10,586991.5178316854,432061.815283996,741921.2203793747,10,293495.7589158427,216030.907641998,370960.61018968734,10,196875.2542238505,126515.66214323473,267234.84630446625,10,20.85,20.13603542076055,21.563964579239453,10
12.0,3,10,10,5.69614264939263,4.4541989490255895,6.938086349759671,10,25.895861636751455,19.189750336558284,32.60197293694463,10,2.98843599288699,1.4205693793768377,4.556302606397142,10,55441.4385907987,15857.81550896701,95025.0616726304,10,669440.3453657273,467936.49439072947,870944.1963407252,10,223146.78178857578,155978.83146357647,290314.7321135751,10,82448.82753404198,34924.64905172001,129973.00601636394,10,28.660000000000004,27.710253132067894,29.609746867932113,10
12.0,4,10,10,4.805538739110034,4.39977208339089,5.211305394829178,10,26.786465547034048,19.31296386553681,34.25996722853129,10,0.8906039102825968,0.042674306068931855,1.7385335144962617,10,30636.30088617567,17051.494127536957,44221.10764481439,10,694245.4830703504,468760.1758743173,919730.7902663834,10,173561.3707675876,117190.04396857932,229932.69756659586,10,24805.137704623026,-1356.1837037595142,50966.45911300556,10,34.87,33.39504191859116,36.34495808140883,10
12.0,5,10,10,4.53056081818761,4.407981265777883,4.653140370597336,10,27.061443467956472,19.296494212828552,34.82639272308439,10,0.2749779209224235,-0.057214680044310795,0.6071705218891579,10,23018.750354099968,19357.3760583656,26680.124649834335,10,701863.0336024261,466950.92902465456,936775.1381801976,10,140372.6067204852,93390.1858049309,187355.0276360395,10,7617.5505320757,-2981.4435524006494,18216.544616552048,10,39.17,37.22400421863054,41.11599578136946,10
12.0,6,10,10,4.45579034497049,4.348515931241649,4.563064758699331,10,27.136213941173594,19.312731129987863,34.95969675235933,10,0.07477047321711987,0.012361480416424299,0.13717946601781544,10,21128.527858495003,18631.52235486263,23625.533362127375,10,703753.2560980311,467079.0150364081,940427.497159654,10,117292.20934967182,77846.50250606798,156737.91619327565,10,1890.222495604965,12.5757925816838,3767.869198628246,10,42.71,40.3130027850905,45.106997214909505,10
