incident_zone,duration_hours,external_count,replications,mean_response_min_n,mean_response_min_mean,mean_response_min_ci95_low,mean_response_min_ci95_high,cumulative_response_gain_min_n,cumulative_response_gain_min_mean,cumulative_response_gain_min_ci95_low,cumulative_response_gain_min_ci95_high,marginal_response_gain_min_n,marginal_response_gain_min_mean,marginal_response_gain_min_ci95_low,marginal_response_gain_min_ci95_high,total_delay_penalty_yuan_n,total_delay_penalty_yuan_mean,total_delay_penalty_yuan_ci95_low,total_delay_penalty_yuan_ci95_high,avoided_penalty_yuan_n,avoided_penalty_yuan_mean,avoided_penalty_yuan_ci95_low,avoided_penalty_yuan_ci95_high,avoided_penalty_per_vehicle_yuan_n,avoided_penalty_per_vehicle_yuan_mean,avoided_penalty_per_vehicle_yuan_ci95_low,avoided_penalty_per_vehicle_yuan_ci95_high,marginal_break_even_cost_yuan_n,marginal_break_even_cost_yuan_mean,marginal_break_even_cost_yuan_ci95_low,marginal_break_even_cost_yuan_ci95_high,external_dispatches_n,external_dispatches_mean,external_dispatches_ci95_low,external_dispatches_ci95_high
7.0,0.5,0.0,9.0,9.0,7.319861961132911,4.837658638877151,9.802065283388671,9.0,0.0,0.0,0.0,0.0,,,,9.0,6121.095420153107,-398.710967917842,12640.901808224055,9.0,0.0,0.0,0.0,0.0,,,,0.0,,,,10.0,0.0,0.0,0.0
7.0,0.5,1.0,9.0,9.0,6.251563787606688,4.140929681290963,8.362197893922414,9.0,1.068298173526224,0.5425637219315197,1.5940326251209282,9.0,1.068298173526224,0.5425637219315197,1.5940326251209282,9.0,4661.511874280185,-524.7135116237177,9847.737260184087,9.0,1459.5835458729225,111.67070731677472,2807.4963844290705,9.0,1459.5835458729225,111.67070731677472,2807.4963844290705,9.0,1459.5835458729225,111.67070731677472,2807.4963844290705,10.0,0.9,0.6737842837201795,1.1262157162798205
8.0,0.5,2.0,10.0,10.0,5.5849742082229215,4.314148660599224,6.855799755846619,10.0,0.9312034991611675,-0.21584955416035,2.078256552482685,10.0,0.47817174496186415,-0.17642998229895773,1.132773472222686,10.0,3046.7092076599165,-71.37630889923048,6164.794724219064,10.0,2067.19210434418,-589.0253955559679,4723.409604244327,10.0,1033.59605217209,-294.51269777798393,2361.7048021221635,10.0,1058.6830623073254,-408.96435758845405,2526.330482203105,10.0,1.7,1.3544497855863562,2.0455502144136437
8.0,0.5,3.0,10.0,10.0,5.372012409176266,4.274412757445507,6.469612060907025,10.0,1.1441652982078228,-0.2514092011830835,2.5397397975987293,10.0,0.2129617990466553,-0.04600179630054624,0.47192539439385683,10.0,2616.2367305128037,-6.715380186287803,5239.188841211895,10.0,2497.6645814912927,-690.4639666204525,5685.793129603038,10.0,832.5548604970976,-230.15465554015088,1895.264376534346,10.0,430.47247714711267,-113.31434411439096,974.2592984086164,10.0,2.4,1.7967580899204787,3.003241910079521
9.0,0.5,4.0,9.0,9.0,5.163027636348447,4.178156627835652,6.147898644861242,9.0,1.2079223762928297,-0.500162262538216,2.9160070151238755,9.0,0.02759598607679909,-0.036040471931336186,0.09123244408493436,9.0,1880.8403355993598,562.9435318667054,3198.7371393320145,9.0,2163.4525039769087,-1164.7221526429794,5491.627160596797,9.0,540.8631259942272,-291.18053816074485,1372.9067901491992,9.0,55.19197215359782,-72.08094386267192,182.46488816986755,10.0,2.4,1.222132516827027,3.577867483172973
9.0,0.5,5.0,9.0,9.0,5.164647328325329,4.17916524062814,6.150129416022518,9.0,1.2063026843159477,-0.4988242018924307,2.911429570524326,9.0,-0.0016196919768820292,-0.005354708373328999,0.0021153244195649405,9.0,1884.079719553124,562.97864282252,3205.1807962837283,9.0,2160.213120023145,-1161.985018811556,5482.411258857846,9.0,432.0426240046291,-232.39700376231116,1096.4822517715693,9.0,-3.23938395376394,-10.709416746657606,4.230648839129727,10.0,2.6,1.2427057023210772,3.957294297678923
9.0,0.5,6.0,9.0,9.0,5.176901997496823,4.1863521893418,6.1674518056518455,9.0,1.1940480151444541,-0.4888005448099184,2.8768965750988267,9.0,-0.012254669171493463,-0.040513986956516396,0.016004648613529474,9.0,1908.5890578961105,562.1479540591013,3255.0301617331197,9.0,2135.7037816801585,-1141.4743177479018,5412.881881108218,9.0,355.9506302800264,-190.2457196246503,902.1469801847031,9.0,-24.50933834298687,-81.0279739130326,32.009297227058866,10.0,2.7,1.2281484577712993,4.171851542228701
1.0,1.0,0.0,10.0,10.0,9.117031550641387,5.476149405056322,12.757913696226453,10.0,0.0,0.0,0.0,0.0,,,,10.0,18560.63643612962,4392.397269882633,32728.875602376604,10.0,0.0,0.0,0.0,0.0,,,,0.0,,,,10.0,0.0,0.0,0.0
1.0,1.0,1.0,10.0,10.0,7.70053888386667,4.8220924168930885,10.578985350840252,10.0,1.4164926667747166,0.45683293173706174,2.3761524018123716,10.0,1.4164926667747166,0.45683293173706174,2.3761524018123716,10.0,14113.01858074868,3355.376208401003,24870.660953096354,10.0,4447.617855380937,503.80741709136055,8391.428293670513,10.0,4447.617855380937,503.80741709136055,8391.428293670513,10.0,4447.617855380937,503.80741709136055,8391.428293670513,10.0,1.8,1.4983790449602394,2.1016209550397607
1.0,1.0,2.0,10.0,10.0,6.378264180491496,4.334665603298476,8.421862757684515,10.0,2.7387673701498914,1.0534506549107907,4.4240840853889924,10.0,1.3222747033751743,0.44742488718509843,2.19712451956525,10.0,9845.715564794635,2378.82400685819,17312.60712273108,10.0,8714.920871334984,1766.9539559553268,15662.88778671464,10.0,4357.460435667492,883.4769779776634,7831.44389335732,10.0,4267.303015954045,869.4460092372333,7665.160022670856,10.0,3.3,2.7110662584135135,3.888933741586486
1.0,1.0,3.0,10.0,10.0,5.697855070478431,3.9795243961534648,7.416185744803396,10.0,3.4191764801629567,1.3420099893415949,5.496342970984319,10.0,0.6804091100130654,0.26143727289673585,1.099380947129395,10.0,7747.804714231888,1627.9841779773305,13867.625250486446,10.0,10812.831721897728,2268.371302784075,19357.29214101138,10.0,3604.277240632576,756.1237675946913,6452.430713670461,10.0,2097.910850562746,452.7602966454108,3743.0614044800814,10.0,4.4,3.6310144322718845,5.168985567728116
7.0,1.0,4.0,10.0,10.0,5.117072809341171,4.423482401586641,5.810663217095701,10.0,3.4703099281586622,1.7016397800159189,5.238980076301406,10.0,0.49169770480924246,0.07440339430510284,0.9089920153133821,10.0,3717.708126992692,1249.6992453314383,6185.717008653946,10.0,9024.97655230261,2252.655427321024,15797.297677284198,10.0,2256.2441380756527,563.163856830256,3949.3244193210494,10.0,1429.4306084619705,35.27296952327765,2823.588247400663,10.0,4.6,3.8310144322718838,5.3689855677281155
9.0,1.0,5.0,10.0,10.0,4.966162842155564,4.426767442940586,5.505558241370541,10.0,1.293259466695338,-0.1171217937876956,2.703640727178372,10.0,0.042491829279939795,-0.053631366686074496,0.1386150252459541,10.0,2637.997997840105,1057.5754957785807,4218.420499901629,10.0,3261.5923912746543,-1089.7398831799005,7612.92466572921,10.0,652.3184782549308,-217.94797663598,1522.5849331458417,10.0,115.97385369580752,-146.37723013947448,378.3249375310895,10.0,4.0,2.9336088867171126,5.066391113282887
9.0,1.0,6.0,10.0,10.0,4.958941303159434,4.4264323737702895,5.491450232548578,10.0,1.3004810056914682,-0.12349087122594771,2.724452882608884,10.0,0.007221538996129961,-0.009114717170391992,0.023557795162651912,10.0,2614.88907305249,1067.4859957532615,4162.292150351718,10.0,3284.70131606227,-1113.1475340466104,7682.5501661711505,10.0,547.4502193437116,-185.52458900776844,1280.4250276951916,10.0,23.108924787615706,-29.167094945254142,75.38494452048556,10.0,4.3,2.9917680023155224,5.608231997684477
1.0,2.0,0.0,10.0,10.0,11.329721376236918,7.32183845294448,15.337604299529357,10.0,0.0,0.0,0.0,0.0,,,,10.0,44219.02985059853,16467.738370227158,71970.32133096989,10.0,0.0,0.0,0.0,0.0,,,,0.0,,,,10.0,0.0,0.0,0.0
1.0,2.0,1.0,10.0,10.0,8.91987877750336,6.1566525544844515,11.683105000522268,10.0,2.4098425987335568,0.9794869786059788,3.8401982188611345,10.0,2.4098425987335568,0.9794869786059788,3.8401982188611345,10.0,30524.646056641697,11934.57743744594,49114.71467583746,10.0,13694.38379395683,3631.2215105430387,23757.54607737062,10.0,13694.38379395683,3631.2215105430387,23757.54607737062,10.0,13694.38379395683,3631.2215105430387,23757.54607737062,10.0,2.9,2.4939303619563953,3.3060696380436045
1.0,2.0,2.0,10.0,10.0,7.2329513800886165,5.243447245213057,9.222455514964176,10.0,4.096769996148302,1.8835775153955847,6.309962476901019,10.0,1.686927397414745,0.8257049403341521,2.548149854495338,10.0,21380.883172089925,8206.043140327894,34555.72320385196,10.0,22838.146678508612,7308.609561318692,38367.68379569853,10.0,11419.073339254306,3654.304780659346,19183.841897849266,10.0,9143.76288455178,3348.582685923272,14938.943083180286,10.0,5.3,4.7110662584135135,5.888933741586486
1.0,2.0,3.0,10.0,10.0,6.131197778594594,4.754765536943801,7.507630020245387,10.0,5.198523597642324,2.437007680144921,7.9600395151397265,10.0,1.101753601494023,0.4336499318512822,1.7698572711367637,10.0,15091.06756004304,6325.08263898318,23857.052481102903,10.0,29127.96229055549,9501.29058300937,48754.633998101606,10.0,9709.320763518497,3167.096861003124,16251.544666033871,10.0,6289.815612046881,1693.707055573922,10885.92416851984,10.0,7.8,6.85818886975084,8.74181113024916
7.0,2.0,4.0,10.0,10.0,5.491986659094144,4.9617984313009575,6.022174886887331,10.0,4.321016247584355,2.4524837204176864,6.189548774751024,10.0,0.623545223573306,0.2349594639766447,1.0121309831699672,10.0,8559.30671541543,5523.452099005617,11595.161331825244,10.0,21491.891114211845,10826.755733492044,32157.026494931648,10.0,5372.972778552961,2706.688933373011,8039.256623732912,10.0,2994.073204284977,1033.375130326395,4954.771278243558,10.0,9.2,8.199636463224458,10.20036353677554
10.0,2.0,5.0,10.0,10.0,5.291580900086773,4.890607668138659,5.6925541320348865,10.0,0.902240053678282,-0.05591993260686301,1.860400039963427,10.0,0.03789722618123985,-0.020287677361020044,0.09608212972349975,10.0,5597.242481683898,3612.7512397595674,7581.733723608229,10.0,3225.072866145815,-175.06663001550532,6625.212362307136,10.0,645.0145732291631,-35.01332600310093,1325.0424724614272,10.0,110.84944665313006,-56.323133172600365,278.0220264788605,10.0,6.7,4.913993849898369,8.48600615010163
10.0,2.0,6.0,10.0,10.0,5.291580900086773,4.890607668138659,5.6925541320348865,10.0,0.902240053678282,-0.05591993260686301,1.860400039963427,10.0,0.0,0.0,0.0,10.0,5597.242481683898,3612.7512397595674,7581.733723608229,10.0,3225.072866145815,-175.06663001550532,6625.212362307136,10.0,537.512144357636,-29.177771669250887,1104.2020603845228,10.0,0.0,0.0,0.0,10.0,7.1,5.008948691459457,9.191051308540542
1.0,4.0,0.0,10.0,10.0,20.900229721183347,7.803031253439604,33.99742818892709,10.0,0.0,0.0,0.0,0.0,,,,10.0,199840.2540007022,9649.647759750718,390030.8602416537,10.0,0.0,0.0,0.0,0.0,,,,0.0,,,,10.0,0.0,0.0,0.0
1.0,4.0,1.0,10.0,10.0,12.686159106426128,6.419971755591845,18.95234645726041,10.0,8.214070614757222,1.3121357255131008,15.116005504001343,10.0,8.214070614757222,1.3121357255131008,15.116005504001343,10.0,103887.43962683456,12717.741737031116,195057.137516638,10.0,95952.81437386763,-3577.551355288335,195483.1801030236,10.0,95952.81437386763,-3577.551355288335,195483.1801030236,10.0,95952.81437386763,-3577.551355288335,195483.1801030236,10.0,5.9,4.80987910909812,6.99012089090188
1.0,4.0,2.0,10.0,10.0,9.19500576062614,5.387793910800309,13.002217610451972,10.0,11.705223960557209,2.334374054988542,21.076073866125874,10.0,3.491153345799988,0.9842245767406839,5.998082114859292,10.0,64308.29555106767,9102.140756922949,119514.45034521239,10.0,135531.95844963452,-60.76658061717171,271124.6834798862,10.0,67765.97922481726,-30.383290308585856,135562.3417399431,10.0,39579.14407576689,3271.660301000011,75886.62785053377,10.0,10.3,9.179020536686764,11.420979463313238
1.0,4.0,3.0,10.0,10.0,7.345548647775613,4.866104463615817,9.824992831935408,10.0,13.554681073407739,2.8990790344464497,24.210283112369027,10.0,1.8494571128505286,0.4841971454622389,3.2147170802388185,10.0,43565.14096891413,7677.021106754582,79453.26083107368,10.0,156275.1130317881,1721.2938793203211,310828.93218425586,10.0,52091.704343929356,573.7646264401119,103609.6440614186,10.0,20743.15458215355,1157.0051966070132,40329.30396770009,10.0,14.5,13.368921418600898,15.631078581399102
1.0,4.0,4.0,10.0,10.0,6.051223103835271,4.708902189372475,7.393544018298067,10.0,14.849006617348076,3.041173644345438,26.656839590350714,10.0,1.2943255439403398,0.10575415118262455,2.4828969366980553,10.0,28903.683676455265,9823.473659080151,47983.89369383038,10.0,170936.57032424692,-516.193936117721,342389.3345846116,10.0,42734.14258106173,-129.04848402943026,85597.3336461529,10.0,14661.457292458852,-2510.9704211250446,31833.88500604275,10.0,18.4,17.222132516827024,19.577867483172973
10.0,4.0,5.0,10.0,10.0,5.242081832787835,5.055845353110455,5.428318312465215,10.0,0.8769207644404144,0.36935215594860804,1.384489372932221,10.0,0.02700856598892969,-0.009752699277012524,0.0637698312548719,10.0,10687.530526095208,8769.130772102575,12605.930280087841,10.0,5387.973976307161,2228.514774365252,8547.43317824907,10.0,1077.5947952614324,445.70295487305054,1709.4866356498142,10.0,191.4625876497217,-70.92185161118587,453.8470269106293,10.0,13.0,11.313887602731718,14.686112397268282
10.0,4.0,6.0,10.0,10.0,5.207806986307718,5.0463075076492805,5.369306464966155,10.0,0.9111956109205313,0.37662605143571837,1.4457651704053442,10.0,0.03427484648011703,-0.0036503989283307448,0.0722000918885648,10.0,10498.859126444357,8688.135811036067,12309.582441852646,10.0,5576.645375958014,2265.5128792706237,8887.777872645403,10.0,929.4408959930022,377.5854798784371,1481.2963121075672,10.0,188.67139965085244,-17.122743428206803,394.4655427299117,10.0,13.9,11.920702252728603,15.879297747271398
1.0,5.0,0.0,10.0,10.0,34.68244653104297,18.437029268701142,50.9278637933848,10.0,0.0,0.0,0.0,0.0,,,,10.0,424081.32593878516,146435.63339389476,701727.0184836756,10.0,0.0,0.0,0.0,0.0,,,,0.0,,,,10.0,0.0,0.0,0.0
1.0,5.0,1.0,10.0,10.0,16.677624709234127,6.063457500015302,27.29179191845295,10.0,18.00482182180884,11.257940605005455,24.751703038612224,10.0,18.00482182180884,11.257940605005455,24.751703038612224,10.0,185204.75206930045,6667.027583277522,363742.47655532334,10.0,238876.57386948477,129732.0613134066,348021.086425563,10.0,238876.57386948477,129732.0613134066,348021.086425563,10.0,238876.57386948477,129732.0613134066,348021.086425563,10.0,7.7,6.8046123998097,8.5953876001903
1.0,5.0,2.0,10.0,10.0,10.318574086739904,4.838671709459946,15.798476464019863,10.0,24.363872444303066,13.273769120732753,35.45397576787338,10.0,6.359050622494222,1.2006451038264414,11.517456141162004,10.0,95240.55876102182,3669.631611834775,186811.48591020887,10.0,328840.7671777634,139724.58537218333,517956.94898334343,10.0,164420.3835888817,69862.29268609166,258978.47449167172,10.0,89964.19330827863,2788.950800781895,177139.43581577536,10.0,13.5,11.77224892793178,15.22775107206822
1.0,5.0,3.0,10.0,10.0,7.673557890669612,4.436728157794645,10.910387623544578,10.0,27.008888640373357,13.825041341704207,40.19273593904251,10.0,2.6450161960702943,0.3590685647548142,4.930963827385774,10.0,58382.685728647906,4596.019187560283,112169.35226973554,10.0,365698.64021013735,140081.1198912638,591316.1605290109,10.0,121899.54673671241,46693.70663042122,197105.3868430036,10.0,36857.87303237391,-1362.8339020790809,75078.57996682689,10.0,18.2,16.817799142345425,19.582200857654573
1.0,5.0,4.0,10.0,10.0,6.244767549125644,4.341311961998533,8.148223136252755,10.0,28.437678981917326,13.990036129321243,42.885321834513405,10.0,1.4287903415439678,0.037401097055191235,2.8201795860327445,10.0,38717.76814884633,7726.911755370169,69708.62454232249,10.0,385363.5577899389,137863.7263830117,632863.3891968661,10.0,96340.88944748472,34465.931595752925,158215.84729921652,10.0,19664.917579801582,-3699.307629875304,43029.14278947847,10.0,23.2,21.737838171679076,24.662161828320922
1.0,5.0,5.0,10.0,10.0,5.282769601382409,4.221200466257232,6.344338736507585,10.0,29.399676929660565,14.118532964768725,44.680820894552404,10.0,0.9619979477432349,0.08351789025633527,1.8404780052301346,10.0,25535.85460833747,8932.687561579172,42139.02165509577,10.0,398545.47133044776,136772.94651153858,660317.996149357,10.0,79709.09426608954,27354.5893023077,132063.59922987138,10.0,13181.913540508856,-1520.4064043502585,27884.23348536797,10.0,27.8,26.417799142345427,29.182200857654575
10.0,5.0,6.0,10.0,10.0,5.2244978358291245,5.082714776861073,5.366280894797176,10.0,0.9716674637871563,0.46120064331163446,1.4821342842626781,10.0,-0.00019642897756302346,-0.026548576935820935,0.02615571898069489,10.0,13005.447855230319,10854.676268435167,15156.219442025471,10.0,7646.410099377812,3159.452881783569,12133.367316972055,10.0,1274.4016832296352,526.5754802972616,2022.2278861620089,10.0,12.35806267074604,-149.35274103432954,174.06886637582164,10.0,17.5,14.796956198710424,20.203043801289578
1.0,6.0,0.0,10.0,10.0,53.76532498793997,39.358146163550174,68.17250381232977,10.0,0.0,0.0,0.0,0.0,,,,10.0,769520.81169641,469985.2369909879,1069056.386401832,10.0,0.0,0.0,0.0,0.0,,,,0.0,,,,10.0,0.0,0.0,0.0
1.0,6.0,1.0,10.0,10.0,23.406730296647034,12.050226084542304,34.763234508751765,10.0,30.35859469129293,25.267845782170955,35.4493436004149,10.0,30.35859469129293,25.267845782170955,35.4493436004149,10.0,315752.88479375397,95371.29349447673,536134.4760930312,10.0,453767.9269026561,358948.848544952,548587.0052603602,10.0,453767.9269026561,358948.848544952,548587.0052603602,10.0,453767.9269026561,358948.848544952,548587.0052603602,10.0,10.6,9.2014411663571,11.9985588336429
1.0,6.0,2.0,10.0,10.0,12.186537719160304,5.231059562759101,19.14201587556151,10.0,41.578787268779664,32.655151411066,50.502423126493326,10.0,11.220192577486731,6.241976159080083,16.19840899589338,10.0,140261.16183378204,8089.156678643078,272433.166988921,10.0,629259.6498626278,447552.96804756194,810966.3316776938,10.0,314629.8249313139,223776.48402378097,405483.1658388469,10.0,175491.72295997193,80206.8166723727,270776.62924757117,10.0,16.3,14.21985385737214,18.38014614262786
1.0,6.0,3.0,10.0,10.0,7.902042751663099,4.386028235729283,11.418057267596915,10.0,45.86328223627686,34.47367077758741,57.25289369496631,10.0,4.2844949674972055,0.6933695256137531,7.875620409380658,10.0,70987.67084629425,4798.006599239889,137177.3350933486,10.0,698533.1408501158,459595.10241178644,937471.1792884452,10.0,232844.38028337192,153198.36747059546,312490.3930961484,10.0,69273.49098748776,1146.5241459520475,137400.45782902348,10.0,21.6,19.74680982638157,23.453190173618434
1.0,6.0,4.0,10.0,10.0,6.027922560833571,4.4270053989411355,7.628839722726006,10.0,47.737402427106396,34.636709841510424,60.83809501270237,10.0,1.8741201908295289,-0.10766012603731268,3.8559005076963704,10.0,40609.80982858096,11387.863512017091,69831.75614514483,10.0,728911.001867829,455806.05740728194,1002015.9463283761,10.0,182227.75046695725,113951.51435182049,250503.98658209402,10.0,30377.8610177133,-7286.0288838779525,68041.75091930456,10.0,26.9,25.232537986680082,28.567462013319915
8.0,6.0,5.0,10.0,10.0,5.354843978149944,4.9481866078190615,5.761501348480826,10.0,23.974256646558356,11.770030324037917,36.17848296907879,10.0,0.2668761465121884,0.07234729227488995,0.4614050007494868,10.0,22139.631563399176,15114.53588325264,29164.727243545713,10.0,342704.3151794158,128785.7522571703,556622.8781016613,10.0,68540.86303588316,25757.150451434063,111324.57562033225,10.0,3729.391321511676,658.712068859681,6800.07057416367,10.0,29.3,28.035977864467302,30.5640221355327
10.0,6.0,6.0,10.0,10.0,5.196188627987141,5.0569146100676825,5.335462645906599,10.0,0.8603918999555535,0.419404507079223,1.3013792928318841,10.0,0.01483552312327916,-0.006875083275543597,0.036546129522101914,10.0,14881.39720610114,12547.931211488703,17214.863200713575,10.0,7566.029361266055,3356.842651554478,11775.216070977633,10.0,1261.0048935443424,559.4737752590796,1962.5360118296053,10.0,132.99287123110062,-63.11092428269035,329.0966667448916,10.0,21.4,18.827365972827785,23.972634027172212
1.0,8.0,0.0,10.0,10.0,79.84132592050703,64.00723531049897,95.6754165305151,10.0,0.0,0.0,0.0,0.0,,,,10.0,1478322.8520880728,1036227.5075538973,1920418.1966222483,10.0,0.0,0.0,0.0,0.0,,,,0.0,,,,10.0,0.0,0.0,0.0
1.0,8.0,1.0,10.0,10.0,44.54681044533326,31.51284244339365,57.58077844727286,10.0,35.29451547517377,31.6841275193878,38.904903430959735,10.0,35.29451547517377,31.6841275193878,38.904903430959735,10.0,804429.4524215014,463026.5559504551,1145832.3488925477,10.0,673893.3996665713,566289.6699478714,781497.1293852712,10.0,673893.3996665713,566289.6699478714,781497.1293852712,10.0,673893.3996665713,566289.6699478714,781497.1293852712,10.0,13.0,12.662777520546344,13.337222479453656
1.0,8.0,2.0,10.0,10.0,19.96141898598081,10.288636978647084,29.634200993314536,10.0,59.87990693452622,52.546837725664076,67.21297614338836,10.0,24.58539145935244,20.58165158732826,28.58913133137662,10.0,332017.3534789631,92881.13434826277,571153.5726096634,10.0,1146305.4986091093,932037.4892292237,1360573.507988995,10.0,573152.7493045547,466018.74461461185,680286.7539944975,10.0,472412.0989425384,362995.935908419,581828.2619766577,10.0,23.3,22.035977864467302,24.5640221355327
1.0,8.0,3.0,10.0,10.0,9.703963427968208,3.8239967476151344,15.583930108321283,10.0,70.13736249253883,58.944366402677026,81.33035858240063,10.0,10.257455558012603,5.837040047684077,14.67787106834113,10.0,129261.26724959491,-13353.424476643151,271875.95897583297,10.0,1349061.5848384774,1033243.1498763097,1664880.0198006453,10.0,449687.19494615926,344414.3832921033,554960.0066002152,10.0,202756.08622936817,96341.29618893084,309170.8762698055,10.0,29.8,27.468526596545424,32.13147340345458
1.0,8.0,4.0,10.0,10.0,6.346453323660599,4.186453878501354,8.506452768819845,10.0,73.49487259684642,59.40897634880494,87.5807688448879,10.0,3.3575101043076088,-0.41105441516882646,7.126074623784044,10.0,58981.310855950185,7107.389410467651,110855.23230143273,10.0,1419341.5412321226,1023814.2379152535,1814868.8445489916,10.0,354835.38530803064,255953.55947881337,453717.2111372479,10.0,70279.9563936447,-21083.182939923223,161643.0957272126,10.0,36.1,33.4138371994291,38.7861628005709
8.0,8.0,5.0,10.0,10.0,5.2692661457575305,4.823036025753201,5.71549626576186,10.0,48.6457665419281,36.89055897825887,60.40097410559732,10.0,0.39580379113450714,-0.017982158462871323,0.8095897407318856,10.0,26673.453210165222,18371.477171707345,34975.4292486231,10.0,856362.2353102735,564716.6787632457,1148007.7918573013,10.0,171272.44706205468,112943.33575264912,229601.55837146024,10.0,7317.666882281361,-1163.003899784746,15798.337664347468,10.0,39.0,37.1529564110541,40.8470435889459
10.0,8.0,6.0,10.0,10.0,5.190158866923781,5.048292152589572,5.33202558125799,10.0,1.5094560892312678,0.8315747718055697,2.187337406656966,10.0,0.0030857317448075073,-0.012949308211696086,0.0191207717013111,10.0,19095.89587575649,16670.019349166534,21521.772402346447,10.0,17416.27504424846,9273.220573227161,25559.32951526976,10.0,2902.712507374744,1545.536762204527,4259.888252544961,10.0,14.02037531427086,-129.52083744340354,157.56158807194527,10.0,28.2,25.506438743707875,30.893561256292124
1.0,10.0,0.0,10.0,10.0,80.73267428846792,63.768253844190596,97.69709473274524,10.0,0.0,0.0,0.0,0.0,,,,10.0,1799903.8189638678,1303232.176202801,2296575.4617249346,10.0,0.0,0.0,0.0,0.0,,,,0.0,,,,10.0,0.0,0.0,0.0
1.0,10.0,1.0,10.0,10.0,42.45774454590345,27.217357031399402,57.6981320604075,10.0,38.274929742564474,36.11163861412805,40.4382208710009,10.0,38.274929742564474,36.11163861412805,40.4382208710009,10.0,919272.1342114208,503777.21029757214,1334767.0581252694,10.0,880631.684752447,793070.6371864667,968192.7323184272,10.0,880631.684752447,793070.6371864667,968192.7323184272,10.0,880631.684752447,793070.6371864667,968192.7323184272,10.0,13.0,12.662777520546344,13.337222479453656
1.0,10.0,2.0,10.0,10.0,16.3626226006293,4.881130342102173,27.844114859156427,10.0,64.37005168783863,56.71523384510434,72.0248695305729,10.0,26.09512194527415,20.299549718524666,31.890694172023636,10.0,313205.55795251095,8192.356214036816,618218.7596909851,10.0,1486698.261011357,1254786.073495976,1718610.448526738,10.0,743349.1305056785,627393.036747988,859305.224263369,10.0,606066.5762589099,455143.3237290245,756989.8287887953,10.0,24.2,23.747568567440357,24.65243143255964
1.0,10.0,3.0,10.0,10.0,8.118648201090469,3.0275381349464023,13.209758267234536,10.0,72.61402608737745,59.79839545218461,85.4296567225703,10.0,8.243974399538832,1.632332849487569,14.855615949590096,10.0,114543.18823271399,-20556.91376170327,249643.29022713125,10.0,1685360.6307311538,1304915.3209136208,2065805.9405486868,10.0,561786.8769103845,434971.77363787347,688601.9801828956,10.0,198662.36971979696,24136.9683178399,373187.771121754,10.0,33.5,32.53140217047879,34.46859782952121
1.0,10.0,4.0,10.0,10.0,5.359295250481131,4.310829063422734,6.407761437539529,10.0,75.3733790379868,59.38224812707747,91.36450994889611,10.0,2.759352950609336,-1.3383015247420467,6.8570074259607185,10.0,46370.19657118873,18693.145232146493,74047.24791023097,10.0,1753533.622392679,1283208.9719465263,2223858.272838832,10.0,438383.4055981698,320802.2429866316,555964.568209708,10.0,68172.99166152526,-40266.67013066448,176612.653453715,10.0,41.8,39.868683552267264,43.73131644773273
10.0,10.0,5.0,10.0,10.0,4.993396397394879,4.876994795479054,5.109797999310705,10.0,0.6517960316034479,0.3697090961979535,0.9338829670089424,10.0,0.005289256597969594,-0.018561839953985318,0.029140353149924504,10.0,20580.542686739132,18571.127986978867,22589.957386499398,10.0,8708.079120946732,4547.991049575972,12868.16719231749,10.0,1741.6158241893459,909.598209915194,2573.6334384634974,10.0,55.07868041145557,-217.13023739504902,327.2875982179602,10.0,27.6,25.975721447825585,29.224278552174418
10.0,10.0,6.0,10.0,10.0,4.987906625083217,4.87708804659032,5.098725203576114,10.0,0.6572858039151106,0.36678535432602405,0.9477862535041972,10.0,0.005489772311662744,-0.00692895544529639,0.017908500068621876,10.0,20518.196102064194,18563.482751642627,22472.90945248576,10.0,8770.425705621674,4516.351831292732,13024.499579950616,10.0,1461.737617603612,752.725305215455,2170.749929991769,10.0,62.346584674941916,-78.69118842348274,203.38435777336656,10.0,29.7,27.46184853537952,31.93815146462048
1.0,11.0,0.0,10.0,10.0,85.27083092898064,65.8892682473965,104.65239361056479,10.0,0.0,0.0,0.0,0.0,,,,10.0,2133759.0959337233,1508472.6873706,2759045.5044968463,10.0,0.0,0.0,0.0,0.0,,,,0.0,,,,10.0,0.0,0.0,0.0
1.0,11.0,1.0,10.0,10.0,46.59566369455483,29.497733500459248,63.69359388865041,10.0,38.67516723442582,35.89483816708316,41.455496301768484,10.0,38.67516723442582,35.89483816708316,41.455496301768484,10.0,1138511.8581947074,619847.8348735837,1657175.8815158312,10.0,995247.2377390156,879289.1603893214,1111205.3150887098,10.0,995247.2377390156,879289.1603893214,1111205.3150887098,10.0,995247.2377390156,879289.1603893214,1111205.3150887098,10.0,13.2,12.635718862784834,13.764281137215164
1.0,11.0,2.0,10.0,10.0,19.159602908093824,6.850233975566525,31.468971840621123,10.0,66.11122802088683,57.808124587216426,74.41433145455723,10.0,27.436060786461006,21.632156059334182,33.23996551358783,10.0,424413.8417762831,62449.21528003941,786378.4682725267,10.0,1709345.2541574396,1417342.66843402,2001347.8398808592,10.0,854672.6270787198,708671.33421701,1000673.9199404296,10.0,714098.0164184242,533961.1239957459,894234.9088411025,10.0,24.7,23.74321478103839,25.65678521896161
1.0,11.0,3.0,10.0,10.0,8.688529433968341,2.504094922297127,14.872963945639555,10.0,76.58230149501232,62.01802457531534,91.1465784147093,10.0,10.471073474125484,3.527679162485483,17.414467785765485,10.0,144542.3070591405,-38158.903190585086,327243.5173088661,10.0,1989216.7888745826,1514096.853821377,2464336.723927788,10.0,663072.2629581941,504698.9512737923,821445.574642596,10.0,279871.5347171426,80805.42805320938,478937.6413810758,10.0,35.8,34.74432665736084,36.85567334263916
1.0,11.0,4.0,10.0,10.0,5.2412082784448515,4.172476152485885,6.309940404403818,10.0,80.0296226505358,61.511787490793566,98.54745781027803,10.0,3.4473211555234906,-1.6984128986351408,8.593055209682122,10.0,49168.10150933693,17501.947585576174,80834.25543309769,10.0,2084590.994424386,1486632.2990149693,2682549.6898338026,10.0,521147.7486060965,371658.0747537423,670637.4224584507,10.0,95374.20554980359,-56297.04262185906,247045.45372146624,10.0,44.9,43.03915514624186,46.76084485375814
10.0,11.0,5.0,10.0,10.0,4.907400783265458,4.803087228828433,5.011714337702482,10.0,0.679952393528421,0.36063580986933225,0.9992689771875096,10.0,0.006463507434904869,-0.015169459290110581,0.02809647415992032,10.0,21858.481465767887,19820.869363613157,23896.093567922617,10.0,10224.370423785876,5470.989169789949,14977.751677781804,10.0,2044.8740847571748,1094.1978339579891,2995.5503355563606,10.0,69.44509864083557,-199.88714769775282,338.77734497942396,10.0,27.6,25.777750066827537,29.422249933172466
10.0,11.0,6.0,10.0,10.0,4.896082297325153,4.7959998891879865,4.996164705462319,10.0,0.6912708794687259,0.3619639228434567,1.0205778360939952,10.0,0.011318485940304957,-0.007525556832817153,0.03016252871342707,10.0,21717.335956130886,19716.532931638896,23718.138980622876,10.0,10365.515933422872,5491.335198783406,15239.696668062337,10.0,1727.5859889038122,915.2225331305677,2539.949444677057,10.0,141.14550963699656,-105.05231148941905,387.34333076341215,10.0,30.3,28.303540390405317,32.296459609594685
1.0,12.0,0.0,10.0,10.0,102.94725681666141,86.71613252651125,119.17838110681157,10.0,0.0,0.0,0.0,0.0,,,,10.0,2827684.3334983396,2208249.023970519,3447119.64302616,10.0,0.0,0.0,0.0,0.0,,,,0.0,,,,10.0,0.0,0.0,0.0
1.0,12.0,1.0,10.0,10.0,62.94873283904936,48.161082560804076,77.73638311729465,10.0,39.99852397761204,38.10576791510052,41.891280040123554,10.0,39.99852397761204,38.10576791510052,41.891280040123554,10.0,1701943.5677823934,1179702.0014612132,2224185.1341035734,10.0,1125740.7657159462,1020991.8013713668,1230489.7300605257,10.0,1125740.7657159462,1020991.8013713668,1230489.7300605257,10.0,1125740.7657159462,1020991.8013713668,1230489.7300605257,10.0,13.7,13.217170888066816,14.182829111933183
1.0,12.0,2.0,10.0,10.0,31.805075429621418,19.126858003267785,44.48329285597505,10.0,71.14218138704,67.00886603798507,75.27549673609492,10.0,31.143657409427952,28.412358836626762,33.87495598222914,10.0,823592.000286878,402277.8722658459,1244906.1283079102,10.0,2004092.3332114618,1793990.8678779805,2214193.7985449433,10.0,1002046.1666057309,896995.4339389902,1107096.8992724717,10.0,878351.5674955152,765463.202444779,991239.9325462515,10.0,25.4,24.434341776133632,26.365658223866365
1.0,12.0,3.0,10.0,10.0,12.106440351095879,4.102132390519261,20.110748311672495,10.0,90.84081646556554,80.88394622542312,100.79768670570796,10.0,19.698635078525538,13.778486845482098,25.618783311568976,10.0,258941.46850528815,-2826.5109833012684,520709.4479938776,10.0,2568742.8649930516,2169183.704362223,2968302.0256238803,10.0,856247.6216643505,723061.2347874076,989434.0085412934,10.0,564650.5317815898,373344.3511876489,755956.7123755307,10.0,36.3,35.62135285116054,36.97864714883946
1.0,12.0,4.0,10.0,10.0,6.507364543923879,3.0085714086219113,10.006157679225847,10.0,96.43989227273754,82.96363808066486,109.91614646481021,10.0,5.599075807172,0.9898900962349613,10.20826151810904,10.0,93890.51585492925,-19848.788689452776,207629.82039931128,10.0,2733793.8176434105,2208908.152080508,3258679.483206313,10.0,683448.4544108526,552227.038020127,814669.8708015783,10.0,165050.9526503589,14362.71318288325,315739.1921178346,10.0,47.9,47.1886284002805,48.6113715997195
10.0,12.0,5.0,10.0,10.0,4.927951888944785,4.825053782469295,5.030849995420274,10.0,0.7402367797994452,0.37689395335464126,1.1035796062442493,10.0,0.018374156342095473,-0.0015908124312743605,0.038339125115465306,10.0,24141.774557553756,21802.157210925074,26481.391904182437,10.0,12437.854704357263,6057.81741663067,18817.891992083856,10.0,2487.5709408714524,1211.5634833261336,3763.578398416771,10.0,294.6611165655351,2.3932149907535063,586.9290181403167,10.0,28.6,27.01111302654816,30.188886973451844
10.0,12.0,6.0,10.0,10.0,4.917152888057852,4.825760080672527,5.008545695443177,10.0,0.7510357806863776,0.37855444782391356,1.1235171135488415,10.0,0.010799000886932308,-0.01651834594829728,0.038116347722161895,10.0,23975.229972326666,21844.770200575964,26105.68974407737,10.0,12604.399289584353,6083.0014455713535,19125.797133597353,10.0,2100.733214930726,1013.8335742618924,3187.632855599559,10.0,166.54458522709137,-244.22879972544223,577.317970179625,10.0,31.6,29.4354624450628,33.7645375549372
